v56_0	python run_v29w.py 0 v56 est_v29.py V29_WARM_JOIN=1 V29_WARM_FB=1 V17_R_RES=4 V26_STRASSEN=6 V26_STRASSEN_MIN=16 V32_JOIN_SMM=1 V32_ROT_SMM=1 V32_JOIN_POST=3 V32_JP_C=0.1 V21_R_OLD=320 V24_R_OLD2=192 V18_R_FB=2 V24_AGE_OLD2=8 V33_K4Q=3 V33_K4Q_RANK=4 V34_OPT=abcdefgj V33_SAT=-2.5 V35_SAT_ROUND=64 V35_SATC=1 V35_SKIP_JOIN_L2=1 V35_SB_MN=8 V35_CPRE_MN=8 V35_JN_MN=8 V33_WK4M=3 V31_K4D=3 V52_FB_FOLD=1 V56_P4=2 V56_A=1 V56_B=1 V56_LMIN=3 V56_LAST=2 SAVE_OUT=ov56_0.npy
v56e_0	python run_v29w.py 0 v56e est_v29.py V29_WARM_JOIN=1 V29_WARM_FB=1 V17_R_RES=4 V26_STRASSEN=6 V26_STRASSEN_MIN=16 V32_JOIN_SMM=1 V32_ROT_SMM=1 V32_JOIN_POST=3 V32_JP_C=0.1 V21_R_OLD=320 V24_R_OLD2=192 V18_R_FB=2 V24_AGE_OLD2=8 V33_K4Q=3 V33_K4Q_RANK=4 V34_OPT=abcdefgj V33_SAT=-2.5 V35_SAT_ROUND=64 V35_SATC=1 V35_SKIP_JOIN_L2=1 V35_SB_MN=8 V35_CPRE_MN=8 V35_JN_MN=8 V33_WK4M=3 V31_K4D=3 V52_FB_FOLD=1 V56_P4=2 V56_A=1 V56_B=1 V56_LMIN=3 V56_LAST=2 V56_EPS=0.001 SAVE_OUT=ov56e_0.npy
v56_1	python run_v29w.py 1 v56 est_v29.py V29_WARM_JOIN=1 V29_WARM_FB=1 V17_R_RES=4 V26_STRASSEN=6 V26_STRASSEN_MIN=16 V32_JOIN_SMM=1 V32_ROT_SMM=1 V32_JOIN_POST=3 V32_JP_C=0.1 V21_R_OLD=320 V24_R_OLD2=192 V18_R_FB=2 V24_AGE_OLD2=8 V33_K4Q=3 V33_K4Q_RANK=4 V34_OPT=abcdefgj V33_SAT=-2.5 V35_SAT_ROUND=64 V35_SATC=1 V35_SKIP_JOIN_L2=1 V35_SB_MN=8 V35_CPRE_MN=8 V35_JN_MN=8 V33_WK4M=3 V31_K4D=3 V52_FB_FOLD=1 V56_P4=2 V56_A=1 V56_B=1 V56_LMIN=3 V56_LAST=2 SAVE_OUT=ov56_1.npy
v56e_1	python run_v29w.py 1 v56e est_v29.py V29_WARM_JOIN=1 V29_WARM_FB=1 V17_R_RES=4 V26_STRASSEN=6 V26_STRASSEN_MIN=16 V32_JOIN_SMM=1 V32_ROT_SMM=1 V32_JOIN_POST=3 V32_JP_C=0.1 V21_R_OLD=320 V24_R_OLD2=192 V18_R_FB=2 V24_AGE_OLD2=8 V33_K4Q=3 V33_K4Q_RANK=4 V34_OPT=abcdefgj V33_SAT=-2.5 V35_SAT_ROUND=64 V35_SATC=1 V35_SKIP_JOIN_L2=1 V35_SB_MN=8 V35_CPRE_MN=8 V35_JN_MN=8 V33_WK4M=3 V31_K4D=3 V52_FB_FOLD=1 V56_P4=2 V56_A=1 V56_B=1 V56_LMIN=3 V56_LAST=2 V56_EPS=0.001 SAVE_OUT=ov56e_1.npy
v56_2	python run_v29w.py 2 v56 est_v29.py V29_WARM_JOIN=1 V29_WARM_FB=1 V17_R_RES=4 V26_STRASSEN=6 V26_STRASSEN_MIN=16 V32_JOIN_SMM=1 V32_ROT_SMM=1 V32_JOIN_POST=3 V32_JP_C=0.1 V21_R_OLD=320 V24_R_OLD2=192 V18_R_FB=2 V24_AGE_OLD2=8 V33_K4Q=3 V33_K4Q_RANK=4 V34_OPT=abcdefgj V33_SAT=-2.5 V35_SAT_ROUND=64 V35_SATC=1 V35_SKIP_JOIN_L2=1 V35_SB_MN=8 V35_CPRE_MN=8 V35_JN_MN=8 V33_WK4M=3 V31_K4D=3 V52_FB_FOLD=1 V56_P4=2 V56_A=1 V56_B=1 V56_LMIN=3 V56_LAST=2 SAVE_OUT=ov56_2.npy
v56e_2	python run_v29w.py 2 v56e est_v29.py V29_WARM_JOIN=1 V29_WARM_FB=1 V17_R_RES=4 V26_STRASSEN=6 V26_STRASSEN_MIN=16 V32_JOIN_SMM=1 V32_ROT_SMM=1 V32_JOIN_POST=3 V32_JP_C=0.1 V21_R_OLD=320 V24_R_OLD2=192 V18_R_FB=2 V24_AGE_OLD2=8 V33_K4Q=3 V33_K4Q_RANK=4 V34_OPT=abcdefgj V33_SAT=-2.5 V35_SAT_ROUND=64 V35_SATC=1 V35_SKIP_JOIN_L2=1 V35_SB_MN=8 V35_CPRE_MN=8 V35_JN_MN=8 V33_WK4M=3 V31_K4D=3 V52_FB_FOLD=1 V56_P4=2 V56_A=1 V56_B=1 V56_LMIN=3 V56_LAST=2 V56_EPS=0.001 SAVE_OUT=ov56e_2.npy
v56_3	python run_v29w.py 3 v56 est_v29.py V29_WARM_JOIN=1 V29_WARM_FB=1 V17_R_RES=4 V26_STRASSEN=6 V26_STRASSEN_MIN=16 V32_JOIN_SMM=1 V32_ROT_SMM=1 V32_JOIN_POST=3 V32_JP_C=0.1 V21_R_OLD=320 V24_R_OLD2=192 V18_R_FB=2 V24_AGE_OLD2=8 V33_K4Q=3 V33_K4Q_RANK=4 V34_OPT=abcdefgj V33_SAT=-2.5 V35_SAT_ROUND=64 V35_SATC=1 V35_SKIP_JOIN_L2=1 V35_SB_MN=8 V35_CPRE_MN=8 V35_JN_MN=8 V33_WK4M=3 V31_K4D=3 V52_FB_FOLD=1 V56_P4=2 V56_A=1 V56_B=1 V56_LMIN=3 V56_LAST=2 SAVE_OUT=ov56_3.npy
v56e_3	python run_v29w.py 3 v56e est_v29.py V29_WARM_JOIN=1 V29_WARM_FB=1 V17_R_RES=4 V26_STRASSEN=6 V26_STRASSEN_MIN=16 V32_JOIN_SMM=1 V32_ROT_SMM=1 V32_JOIN_POST=3 V32_JP_C=0.1 V21_R_OLD=320 V24_R_OLD2=192 V18_R_FB=2 V24_AGE_OLD2=8 V33_K4Q=3 V33_K4Q_RANK=4 V34_OPT=abcdefgj V33_SAT=-2.5 V35_SAT_ROUND=64 V35_SATC=1 V35_SKIP_JOIN_L2=1 V35_SB_MN=8 V35_CPRE_MN=8 V35_JN_MN=8 V33_WK4M=3 V31_K4D=3 V52_FB_FOLD=1 V56_P4=2 V56_A=1 V56_B=1 V56_LMIN=3 V56_LAST=2 V56_EPS=0.001 SAVE_OUT=ov56e_3.npy
v56_4	python run_v29w.py 4 v56 est_v29.py V29_WARM_JOIN=1 V29_WARM_FB=1 V17_R_RES=4 V26_STRASSEN=6 V26_STRASSEN_MIN=16 V32_JOIN_SMM=1 V32_ROT_SMM=1 V32_JOIN_POST=3 V32_JP_C=0.1 V21_R_OLD=320 V24_R_OLD2=192 V18_R_FB=2 V24_AGE_OLD2=8 V33_K4Q=3 V33_K4Q_RANK=4 V34_OPT=abcdefgj V33_SAT=-2.5 V35_SAT_ROUND=64 V35_SATC=1 V35_SKIP_JOIN_L2=1 V35_SB_MN=8 V35_CPRE_MN=8 V35_JN_MN=8 V33_WK4M=3 V31_K4D=3 V52_FB_FOLD=1 V56_P4=2 V56_A=1 V56_B=1 V56_LMIN=3 V56_LAST=2 SAVE_OUT=ov56_4.npy
v56e_4	python run_v29w.py 4 v56e est_v29.py V29_WARM_JOIN=1 V29_WARM_FB=1 V17_R_RES=4 V26_STRASSEN=6 V26_STRASSEN_MIN=16 V32_JOIN_SMM=1 V32_ROT_SMM=1 V32_JOIN_POST=3 V32_JP_C=0.1 V21_R_OLD=320 V24_R_OLD2=192 V18_R_FB=2 V24_AGE_OLD2=8 V33_K4Q=3 V33_K4Q_RANK=4 V34_OPT=abcdefgj V33_SAT=-2.5 V35_SAT_ROUND=64 V35_SATC=1 V35_SKIP_JOIN_L2=1 V35_SB_MN=8 V35_CPRE_MN=8 V35_JN_MN=8 V33_WK4M=3 V31_K4D=3 V52_FB_FOLD=1 V56_P4=2 V56_A=1 V56_B=1 V56_LMIN=3 V56_LAST=2 V56_EPS=0.001 SAVE_OUT=ov56e_4.npy
v56_5	python run_v29w.py 5 v56 est_v29.py V29_WARM_JOIN=1 V29_WARM_FB=1 V17_R_RES=4 V26_STRASSEN=6 V26_STRASSEN_MIN=16 V32_JOIN_SMM=1 V32_ROT_SMM=1 V32_JOIN_POST=3 V32_JP_C=0.1 V21_R_OLD=320 V24_R_OLD2=192 V18_R_FB=2 V24_AGE_OLD2=8 V33_K4Q=3 V33_K4Q_RANK=4 V34_OPT=abcdefgj V33_SAT=-2.5 V35_SAT_ROUND=64 V35_SATC=1 V35_SKIP_JOIN_L2=1 V35_SB_MN=8 V35_CPRE_MN=8 V35_JN_MN=8 V33_WK4M=3 V31_K4D=3 V52_FB_FOLD=1 V56_P4=2 V56_A=1 V56_B=1 V56_LMIN=3 V56_LAST=2 SAVE_OUT=ov56_5.npy
v56e_5	python run_v29w.py 5 v56e est_v29.py V29_WARM_JOIN=1 V29_WARM_FB=1 V17_R_RES=4 V26_STRASSEN=6 V26_STRASSEN_MIN=16 V32_JOIN_SMM=1 V32_ROT_SMM=1 V32_JOIN_POST=3 V32_JP_C=0.1 V21_R_OLD=320 V24_R_OLD2=192 V18_R_FB=2 V24_AGE_OLD2=8 V33_K4Q=3 V33_K4Q_RANK=4 V34_OPT=abcdefgj V33_SAT=-2.5 V35_SAT_ROUND=64 V35_SATC=1 V35_SKIP_JOIN_L2=1 V35_SB_MN=8 V35_CPRE_MN=8 V35_JN_MN=8 V33_WK4M=3 V31_K4D=3 V52_FB_FOLD=1 V56_P4=2 V56_A=1 V56_B=1 V56_LMIN=3 V56_LAST=2 V56_EPS=0.001 SAVE_OUT=ov56e_5.npy
v56_6	python run_v29w.py 6 v56 est_v29.py V29_WARM_JOIN=1 V29_WARM_FB=1 V17_R_RES=4 V26_STRASSEN=6 V26_STRASSEN_MIN=16 V32_JOIN_SMM=1 V32_ROT_SMM=1 V32_JOIN_POST=3 V32_JP_C=0.1 V21_R_OLD=320 V24_R_OLD2=192 V18_R_FB=2 V24_AGE_OLD2=8 V33_K4Q=3 V33_K4Q_RANK=4 V34_OPT=abcdefgj V33_SAT=-2.5 V35_SAT_ROUND=64 V35_SATC=1 V35_SKIP_JOIN_L2=1 V35_SB_MN=8 V35_CPRE_MN=8 V35_JN_MN=8 V33_WK4M=3 V31_K4D=3 V52_FB_FOLD=1 V56_P4=2 V56_A=1 V56_B=1 V56_LMIN=3 V56_LAST=2 SAVE_OUT=ov56_6.npy
v56e_6	python run_v29w.py 6 v56e est_v29.py V29_WARM_JOIN=1 V29_WARM_FB=1 V17_R_RES=4 V26_STRASSEN=6 V26_STRASSEN_MIN=16 V32_JOIN_SMM=1 V32_ROT_SMM=1 V32_JOIN_POST=3 V32_JP_C=0.1 V21_R_OLD=320 V24_R_OLD2=192 V18_R_FB=2 V24_AGE_OLD2=8 V33_K4Q=3 V33_K4Q_RANK=4 V34_OPT=abcdefgj V33_SAT=-2.5 V35_SAT_ROUND=64 V35_SATC=1 V35_SKIP_JOIN_L2=1 V35_SB_MN=8 V35_CPRE_MN=8 V35_JN_MN=8 V33_WK4M=3 V31_K4D=3 V52_FB_FOLD=1 V56_P4=2 V56_A=1 V56_B=1 V56_LMIN=3 V56_LAST=2 V56_EPS=0.001 SAVE_OUT=ov56e_6.npy
v56_7	python run_v29w.py 7 v56 est_v29.py V29_WARM_JOIN=1 V29_WARM_FB=1 V17_R_RES=4 V26_STRASSEN=6 V26_STRASSEN_MIN=16 V32_JOIN_SMM=1 V32_ROT_SMM=1 V32_JOIN_POST=3 V32_JP_C=0.1 V21_R_OLD=320 V24_R_OLD2=192 V18_R_FB=2 V24_AGE_OLD2=8 V33_K4Q=3 V33_K4Q_RANK=4 V34_OPT=abcdefgj V33_SAT=-2.5 V35_SAT_ROUND=64 V35_SATC=1 V35_SKIP_JOIN_L2=1 V35_SB_MN=8 V35_CPRE_MN=8 V35_JN_MN=8 V33_WK4M=3 V31_K4D=3 V52_FB_FOLD=1 V56_P4=2 V56_A=1 V56_B=1 V56_LMIN=3 V56_LAST=2 SAVE_OUT=ov56_7.npy
v56e_7	python run_v29w.py 7 v56e est_v29.py V29_WARM_JOIN=1 V29_WARM_FB=1 V17_R_RES=4 V26_STRASSEN=6 V26_STRASSEN_MIN=16 V32_JOIN_SMM=1 V32_ROT_SMM=1 V32_JOIN_POST=3 V32_JP_C=0.1 V21_R_OLD=320 V24_R_OLD2=192 V18_R_FB=2 V24_AGE_OLD2=8 V33_K4Q=3 V33_K4Q_RANK=4 V34_OPT=abcdefgj V33_SAT=-2.5 V35_SAT_ROUND=64 V35_SATC=1 V35_SKIP_JOIN_L2=1 V35_SB_MN=8 V35_CPRE_MN=8 V35_JN_MN=8 V33_WK4M=3 V31_K4D=3 V52_FB_FOLD=1 V56_P4=2 V56_A=1 V56_B=1 V56_LMIN=3 V56_LAST=2 V56_EPS=0.001 SAVE_OUT=ov56e_7.npy
v56_8	python run_v29w.py 8 v56 est_v29.py V29_WARM_JOIN=1 V29_WARM_FB=1 V17_R_RES=4 V26_STRASSEN=6 V26_STRASSEN_MIN=16 V32_JOIN_SMM=1 V32_ROT_SMM=1 V32_JOIN_POST=3 V32_JP_C=0.1 V21_R_OLD=320 V24_R_OLD2=192 V18_R_FB=2 V24_AGE_OLD2=8 V33_K4Q=3 V33_K4Q_RANK=4 V34_OPT=abcdefgj V33_SAT=-2.5 V35_SAT_ROUND=64 V35_SATC=1 V35_SKIP_JOIN_L2=1 V35_SB_MN=8 V35_CPRE_MN=8 V35_JN_MN=8 V33_WK4M=3 V31_K4D=3 V52_FB_FOLD=1 V56_P4=2 V56_A=1 V56_B=1 V56_LMIN=3 V56_LAST=2 SAVE_OUT=ov56_8.npy
v56e_8	python run_v29w.py 8 v56e est_v29.py V29_WARM_JOIN=1 V29_WARM_FB=1 V17_R_RES=4 V26_STRASSEN=6 V26_STRASSEN_MIN=16 V32_JOIN_SMM=1 V32_ROT_SMM=1 V32_JOIN_POST=3 V32_JP_C=0.1 V21_R_OLD=320 V24_R_OLD2=192 V18_R_FB=2 V24_AGE_OLD2=8 V33_K4Q=3 V33_K4Q_RANK=4 V34_OPT=abcdefgj V33_SAT=-2.5 V35_SAT_ROUND=64 V35_SATC=1 V35_SKIP_JOIN_L2=1 V35_SB_MN=8 V35_CPRE_MN=8 V35_JN_MN=8 V33_WK4M=3 V31_K4D=3 V52_FB_FOLD=1 V56_P4=2 V56_A=1 V56_B=1 V56_LMIN=3 V56_LAST=2 V56_EPS=0.001 SAVE_OUT=ov56e_8.npy
v56_9	python run_v29w.py 9 v56 est_v29.py V29_WARM_JOIN=1 V29_WARM_FB=1 V17_R_RES=4 V26_STRASSEN=6 V26_STRASSEN_MIN=16 V32_JOIN_SMM=1 V32_ROT_SMM=1 V32_JOIN_POST=3 V32_JP_C=0.1 V21_R_OLD=320 V24_R_OLD2=192 V18_R_FB=2 V24_AGE_OLD2=8 V33_K4Q=3 V33_K4Q_RANK=4 V34_OPT=abcdefgj V33_SAT=-2.5 V35_SAT_ROUND=64 V35_SATC=1 V35_SKIP_JOIN_L2=1 V35_SB_MN=8 V35_CPRE_MN=8 V35_JN_MN=8 V33_WK4M=3 V31_K4D=3 V52_FB_FOLD=1 V56_P4=2 V56_A=1 V56_B=1 V56_LMIN=3 V56_LAST=2 SAVE_OUT=ov56_9.npy
v56e_9	python run_v29w.py 9 v56e est_v29.py V29_WARM_JOIN=1 V29_WARM_FB=1 V17_R_RES=4 V26_STRASSEN=6 V26_STRASSEN_MIN=16 V32_JOIN_SMM=1 V32_ROT_SMM=1 V32_JOIN_POST=3 V32_JP_C=0.1 V21_R_OLD=320 V24_R_OLD2=192 V18_R_FB=2 V24_AGE_OLD2=8 V33_K4Q=3 V33_K4Q_RANK=4 V34_OPT=abcdefgj V33_SAT=-2.5 V35_SAT_ROUND=64 V35_SATC=1 V35_SKIP_JOIN_L2=1 V35_SB_MN=8 V35_CPRE_MN=8 V35_JN_MN=8 V33_WK4M=3 V31_K4D=3 V52_FB_FOLD=1 V56_P4=2 V56_A=1 V56_B=1 V56_LMIN=3 V56_LAST=2 V56_EPS=0.001 SAVE_OUT=ov56e_9.npy
v56_10	python run_v29w.py 10 v56 est_v29.py V29_WARM_JOIN=1 V29_WARM_FB=1 V17_R_RES=4 V26_STRASSEN=6 V26_STRASSEN_MIN=16 V32_JOIN_SMM=1 V32_ROT_SMM=1 V32_JOIN_POST=3 V32_JP_C=0.1 V21_R_OLD=320 V24_R_OLD2=192 V18_R_FB=2 V24_AGE_OLD2=8 V33_K4Q=3 V33_K4Q_RANK=4 V34_OPT=abcdefgj V33_SAT=-2.5 V35_SAT_ROUND=64 V35_SATC=1 V35_SKIP_JOIN_L2=1 V35_SB_MN=8 V35_CPRE_MN=8 V35_JN_MN=8 V33_WK4M=3 V31_K4D=3 V52_FB_FOLD=1 V56_P4=2 V56_A=1 V56_B=1 V56_LMIN=3 V56_LAST=2 SAVE_OUT=ov56_10.npy
v56e_10	python run_v29w.py 10 v56e est_v29.py V29_WARM_JOIN=1 V29_WARM_FB=1 V17_R_RES=4 V26_STRASSEN=6 V26_STRASSEN_MIN=16 V32_JOIN_SMM=1 V32_ROT_SMM=1 V32_JOIN_POST=3 V32_JP_C=0.1 V21_R_OLD=320 V24_R_OLD2=192 V18_R_FB=2 V24_AGE_OLD2=8 V33_K4Q=3 V33_K4Q_RANK=4 V34_OPT=abcdefgj V33_SAT=-2.5 V35_SAT_ROUND=64 V35_SATC=1 V35_SKIP_JOIN_L2=1 V35_SB_MN=8 V35_CPRE_MN=8 V35_JN_MN=8 V33_WK4M=3 V31_K4D=3 V52_FB_FOLD=1 V56_P4=2 V56_A=1 V56_B=1 V56_LMIN=3 V56_LAST=2 V56_EPS=0.001 SAVE_OUT=ov56e_10.npy
v56_11	python run_v29w.py 11 v56 est_v29.py V29_WARM_JOIN=1 V29_WARM_FB=1 V17_R_RES=4 V26_STRASSEN=6 V26_STRASSEN_MIN=16 V32_JOIN_SMM=1 V32_ROT_SMM=1 V32_JOIN_POST=3 V32_JP_C=0.1 V21_R_OLD=320 V24_R_OLD2=192 V18_R_FB=2 V24_AGE_OLD2=8 V33_K4Q=3 V33_K4Q_RANK=4 V34_OPT=abcdefgj V33_SAT=-2.5 V35_SAT_ROUND=64 V35_SATC=1 V35_SKIP_JOIN_L2=1 V35_SB_MN=8 V35_CPRE_MN=8 V35_JN_MN=8 V33_WK4M=3 V31_K4D=3 V52_FB_FOLD=1 V56_P4=2 V56_A=1 V56_B=1 V56_LMIN=3 V56_LAST=2 SAVE_OUT=ov56_11.npy
v56e_11	python run_v29w.py 11 v56e est_v29.py V29_WARM_JOIN=1 V29_WARM_FB=1 V17_R_RES=4 V26_STRASSEN=6 V26_STRASSEN_MIN=16 V32_JOIN_SMM=1 V32_ROT_SMM=1 V32_JOIN_POST=3 V32_JP_C=0.1 V21_R_OLD=320 V24_R_OLD2=192 V18_R_FB=2 V24_AGE_OLD2=8 V33_K4Q=3 V33_K4Q_RANK=4 V34_OPT=abcdefgj V33_SAT=-2.5 V35_SAT_ROUND=64 V35_SATC=1 V35_SKIP_JOIN_L2=1 V35_SB_MN=8 V35_CPRE_MN=8 V35_JN_MN=8 V33_WK4M=3 V31_K4D=3 V52_FB_FOLD=1 V56_P4=2 V56_A=1 V56_B=1 V56_LMIN=3 V56_LAST=2 V56_EPS=0.001 SAVE_OUT=ov56e_11.npy
v56_12	python run_v29w.py 12 v56 est_v29.py V29_WARM_JOIN=1 V29_WARM_FB=1 V17_R_RES=4 V26_STRASSEN=6 V26_STRASSEN_MIN=16 V32_JOIN_SMM=1 V32_ROT_SMM=1 V32_JOIN_POST=3 V32_JP_C=0.1 V21_R_OLD=320 V24_R_OLD2=192 V18_R_FB=2 V24_AGE_OLD2=8 V33_K4Q=3 V33_K4Q_RANK=4 V34_OPT=abcdefgj V33_SAT=-2.5 V35_SAT_ROUND=64 V35_SATC=1 V35_SKIP_JOIN_L2=1 V35_SB_MN=8 V35_CPRE_MN=8 V35_JN_MN=8 V33_WK4M=3 V31_K4D=3 V52_FB_FOLD=1 V56_P4=2 V56_A=1 V56_B=1 V56_LMIN=3 V56_LAST=2 SAVE_OUT=ov56_12.npy
v56e_12	python run_v29w.py 12 v56e est_v29.py V29_WARM_JOIN=1 V29_WARM_FB=1 V17_R_RES=4 V26_STRASSEN=6 V26_STRASSEN_MIN=16 V32_JOIN_SMM=1 V32_ROT_SMM=1 V32_JOIN_POST=3 V32_JP_C=0.1 V21_R_OLD=320 V24_R_OLD2=192 V18_R_FB=2 V24_AGE_OLD2=8 V33_K4Q=3 V33_K4Q_RANK=4 V34_OPT=abcdefgj V33_SAT=-2.5 V35_SAT_ROUND=64 V35_SATC=1 V35_SKIP_JOIN_L2=1 V35_SB_MN=8 V35_CPRE_MN=8 V35_JN_MN=8 V33_WK4M=3 V31_K4D=3 V52_FB_FOLD=1 V56_P4=2 V56_A=1 V56_B=1 V56_LMIN=3 V56_LAST=2 V56_EPS=0.001 SAVE_OUT=ov56e_12.npy
v56_13	python run_v29w.py 13 v56 est_v29.py V29_WARM_JOIN=1 V29_WARM_FB=1 V17_R_RES=4 V26_STRASSEN=6 V26_STRASSEN_MIN=16 V32_JOIN_SMM=1 V32_ROT_SMM=1 V32_JOIN_POST=3 V32_JP_C=0.1 V21_R_OLD=320 V24_R_OLD2=192 V18_R_FB=2 V24_AGE_OLD2=8 V33_K4Q=3 V33_K4Q_RANK=4 V34_OPT=abcdefgj V33_SAT=-2.5 V35_SAT_ROUND=64 V35_SATC=1 V35_SKIP_JOIN_L2=1 V35_SB_MN=8 V35_CPRE_MN=8 V35_JN_MN=8 V33_WK4M=3 V31_K4D=3 V52_FB_FOLD=1 V56_P4=2 V56_A=1 V56_B=1 V56_LMIN=3 V56_LAST=2 SAVE_OUT=ov56_13.npy
v56e_13	python run_v29w.py 13 v56e est_v29.py V29_WARM_JOIN=1 V29_WARM_FB=1 V17_R_RES=4 V26_STRASSEN=6 V26_STRASSEN_MIN=16 V32_JOIN_SMM=1 V32_ROT_SMM=1 V32_JOIN_POST=3 V32_JP_C=0.1 V21_R_OLD=320 V24_R_OLD2=192 V18_R_FB=2 V24_AGE_OLD2=8 V33_K4Q=3 V33_K4Q_RANK=4 V34_OPT=abcdefgj V33_SAT=-2.5 V35_SAT_ROUND=64 V35_SATC=1 V35_SKIP_JOIN_L2=1 V35_SB_MN=8 V35_CPRE_MN=8 V35_JN_MN=8 V33_WK4M=3 V31_K4D=3 V52_FB_FOLD=1 V56_P4=2 V56_A=1 V56_B=1 V56_LMIN=3 V56_LAST=2 V56_EPS=0.001 SAVE_OUT=ov56e_13.npy
v56_14	python run_v29w.py 14 v56 est_v29.py V29_WARM_JOIN=1 V29_WARM_FB=1 V17_R_RES=4 V26_STRASSEN=6 V26_STRASSEN_MIN=16 V32_JOIN_SMM=1 V32_ROT_SMM=1 V32_JOIN_POST=3 V32_JP_C=0.1 V21_R_OLD=320 V24_R_OLD2=192 V18_R_FB=2 V24_AGE_OLD2=8 V33_K4Q=3 V33_K4Q_RANK=4 V34_OPT=abcdefgj V33_SAT=-2.5 V35_SAT_ROUND=64 V35_SATC=1 V35_SKIP_JOIN_L2=1 V35_SB_MN=8 V35_CPRE_MN=8 V35_JN_MN=8 V33_WK4M=3 V31_K4D=3 V52_FB_FOLD=1 V56_P4=2 V56_A=1 V56_B=1 V56_LMIN=3 V56_LAST=2 SAVE_OUT=ov56_14.npy
v56e_14	python run_v29w.py 14 v56e est_v29.py V29_WARM_JOIN=1 V29_WARM_FB=1 V17_R_RES=4 V26_STRASSEN=6 V26_STRASSEN_MIN=16 V32_JOIN_SMM=1 V32_ROT_SMM=1 V32_JOIN_POST=3 V32_JP_C=0.1 V21_R_OLD=320 V24_R_OLD2=192 V18_R_FB=2 V24_AGE_OLD2=8 V33_K4Q=3 V33_K4Q_RANK=4 V34_OPT=abcdefgj V33_SAT=-2.5 V35_SAT_ROUND=64 V35_SATC=1 V35_SKIP_JOIN_L2=1 V35_SB_MN=8 V35_CPRE_MN=8 V35_JN_MN=8 V33_WK4M=3 V31_K4D=3 V52_FB_FOLD=1 V56_P4=2 V56_A=1 V56_B=1 V56_LMIN=3 V56_LAST=2 V56_EPS=0.001 SAVE_OUT=ov56e_14.npy
v56_15	python run_v29w.py 15 v56 est_v29.py V29_WARM_JOIN=1 V29_WARM_FB=1 V17_R_RES=4 V26_STRASSEN=6 V26_STRASSEN_MIN=16 V32_JOIN_SMM=1 V32_ROT_SMM=1 V32_JOIN_POST=3 V32_JP_C=0.1 V21_R_OLD=320 V24_R_OLD2=192 V18_R_FB=2 V24_AGE_OLD2=8 V33_K4Q=3 V33_K4Q_RANK=4 V34_OPT=abcdefgj V33_SAT=-2.5 V35_SAT_ROUND=64 V35_SATC=1 V35_SKIP_JOIN_L2=1 V35_SB_MN=8 V35_CPRE_MN=8 V35_JN_MN=8 V33_WK4M=3 V31_K4D=3 V52_FB_FOLD=1 V56_P4=2 V56_A=1 V56_B=1 V56_LMIN=3 V56_LAST=2 SAVE_OUT=ov56_15.npy
v56e_15	python run_v29w.py 15 v56e est_v29.py V29_WARM_JOIN=1 V29_WARM_FB=1 V17_R_RES=4 V26_STRASSEN=6 V26_STRASSEN_MIN=16 V32_JOIN_SMM=1 V32_ROT_SMM=1 V32_JOIN_POST=3 V32_JP_C=0.1 V21_R_OLD=320 V24_R_OLD2=192 V18_R_FB=2 V24_AGE_OLD2=8 V33_K4Q=3 V33_K4Q_RANK=4 V34_OPT=abcdefgj V33_SAT=-2.5 V35_SAT_ROUND=64 V35_SATC=1 V35_SKIP_JOIN_L2=1 V35_SB_MN=8 V35_CPRE_MN=8 V35_JN_MN=8 V33_WK4M=3 V31_K4D=3 V52_FB_FOLD=1 V56_P4=2 V56_A=1 V56_B=1 V56_LMIN=3 V56_LAST=2 V56_EPS=0.001 SAVE_OUT=ov56e_15.npy
v56_16	python run_v29w.py 16 v56 est_v29.py V29_WARM_JOIN=1 V29_WARM_FB=1 V17_R_RES=4 V26_STRASSEN=6 V26_STRASSEN_MIN=16 V32_JOIN_SMM=1 V32_ROT_SMM=1 V32_JOIN_POST=3 V32_JP_C=0.1 V21_R_OLD=320 V24_R_OLD2=192 V18_R_FB=2 V24_AGE_OLD2=8 V33_K4Q=3 V33_K4Q_RANK=4 V34_OPT=abcdefgj V33_SAT=-2.5 V35_SAT_ROUND=64 V35_SATC=1 V35_SKIP_JOIN_L2=1 V35_SB_MN=8 V35_CPRE_MN=8 V35_JN_MN=8 V33_WK4M=3 V31_K4D=3 V52_FB_FOLD=1 V56_P4=2 V56_A=1 V56_B=1 V56_LMIN=3 V56_LAST=2 SAVE_OUT=ov56_16.npy
v56e_16	python run_v29w.py 16 v56e est_v29.py V29_WARM_JOIN=1 V29_WARM_FB=1 V17_R_RES=4 V26_STRASSEN=6 V26_STRASSEN_MIN=16 V32_JOIN_SMM=1 V32_ROT_SMM=1 V32_JOIN_POST=3 V32_JP_C=0.1 V21_R_OLD=320 V24_R_OLD2=192 V18_R_FB=2 V24_AGE_OLD2=8 V33_K4Q=3 V33_K4Q_RANK=4 V34_OPT=abcdefgj V33_SAT=-2.5 V35_SAT_ROUND=64 V35_SATC=1 V35_SKIP_JOIN_L2=1 V35_SB_MN=8 V35_CPRE_MN=8 V35_JN_MN=8 V33_WK4M=3 V31_K4D=3 V52_FB_FOLD=1 V56_P4=2 V56_A=1 V56_B=1 V56_LMIN=3 V56_LAST=2 V56_EPS=0.001 SAVE_OUT=ov56e_16.npy
v56_17	python run_v29w.py 17 v56 est_v29.py V29_WARM_JOIN=1 V29_WARM_FB=1 V17_R_RES=4 V26_STRASSEN=6 V26_STRASSEN_MIN=16 V32_JOIN_SMM=1 V32_ROT_SMM=1 V32_JOIN_POST=3 V32_JP_C=0.1 V21_R_OLD=320 V24_R_OLD2=192 V18_R_FB=2 V24_AGE_OLD2=8 V33_K4Q=3 V33_K4Q_RANK=4 V34_OPT=abcdefgj V33_SAT=-2.5 V35_SAT_ROUND=64 V35_SATC=1 V35_SKIP_JOIN_L2=1 V35_SB_MN=8 V35_CPRE_MN=8 V35_JN_MN=8 V33_WK4M=3 V31_K4D=3 V52_FB_FOLD=1 V56_P4=2 V56_A=1 V56_B=1 V56_LMIN=3 V56_LAST=2 SAVE_OUT=ov56_17.npy
v56e_17	python run_v29w.py 17 v56e est_v29.py V29_WARM_JOIN=1 V29_WARM_FB=1 V17_R_RES=4 V26_STRASSEN=6 V26_STRASSEN_MIN=16 V32_JOIN_SMM=1 V32_ROT_SMM=1 V32_JOIN_POST=3 V32_JP_C=0.1 V21_R_OLD=320 V24_R_OLD2=192 V18_R_FB=2 V24_AGE_OLD2=8 V33_K4Q=3 V33_K4Q_RANK=4 V34_OPT=abcdefgj V33_SAT=-2.5 V35_SAT_ROUND=64 V35_SATC=1 V35_SKIP_JOIN_L2=1 V35_SB_MN=8 V35_CPRE_MN=8 V35_JN_MN=8 V33_WK4M=3 V31_K4D=3 V52_FB_FOLD=1 V56_P4=2 V56_A=1 V56_B=1 V56_LMIN=3 V56_LAST=2 V56_EPS=0.001 SAVE_OUT=ov56e_17.npy
v56_18	python run_v29w.py 18 v56 est_v29.py V29_WARM_JOIN=1 V29_WARM_FB=1 V17_R_RES=4 V26_STRASSEN=6 V26_STRASSEN_MIN=16 V32_JOIN_SMM=1 V32_ROT_SMM=1 V32_JOIN_POST=3 V32_JP_C=0.1 V21_R_OLD=320 V24_R_OLD2=192 V18_R_FB=2 V24_AGE_OLD2=8 V33_K4Q=3 V33_K4Q_RANK=4 V34_OPT=abcdefgj V33_SAT=-2.5 V35_SAT_ROUND=64 V35_SATC=1 V35_SKIP_JOIN_L2=1 V35_SB_MN=8 V35_CPRE_MN=8 V35_JN_MN=8 V33_WK4M=3 V31_K4D=3 V52_FB_FOLD=1 V56_P4=2 V56_A=1 V56_B=1 V56_LMIN=3 V56_LAST=2 SAVE_OUT=ov56_18.npy
v56e_18	python run_v29w.py 18 v56e est_v29.py V29_WARM_JOIN=1 V29_WARM_FB=1 V17_R_RES=4 V26_STRASSEN=6 V26_STRASSEN_MIN=16 V32_JOIN_SMM=1 V32_ROT_SMM=1 V32_JOIN_POST=3 V32_JP_C=0.1 V21_R_OLD=320 V24_R_OLD2=192 V18_R_FB=2 V24_AGE_OLD2=8 V33_K4Q=3 V33_K4Q_RANK=4 V34_OPT=abcdefgj V33_SAT=-2.5 V35_SAT_ROUND=64 V35_SATC=1 V35_SKIP_JOIN_L2=1 V35_SB_MN=8 V35_CPRE_MN=8 V35_JN_MN=8 V33_WK4M=3 V31_K4D=3 V52_FB_FOLD=1 V56_P4=2 V56_A=1 V56_B=1 V56_LMIN=3 V56_LAST=2 V56_EPS=0.001 SAVE_OUT=ov56e_18.npy
v56_19	python run_v29w.py 19 v56 est_v29.py V29_WARM_JOIN=1 V29_WARM_FB=1 V17_R_RES=4 V26_STRASSEN=6 V26_STRASSEN_MIN=16 V32_JOIN_SMM=1 V32_ROT_SMM=1 V32_JOIN_POST=3 V32_JP_C=0.1 V21_R_OLD=320 V24_R_OLD2=192 V18_R_FB=2 V24_AGE_OLD2=8 V33_K4Q=3 V33_K4Q_RANK=4 V34_OPT=abcdefgj V33_SAT=-2.5 V35_SAT_ROUND=64 V35_SATC=1 V35_SKIP_JOIN_L2=1 V35_SB_MN=8 V35_CPRE_MN=8 V35_JN_MN=8 V33_WK4M=3 V31_K4D=3 V52_FB_FOLD=1 V56_P4=2 V56_A=1 V56_B=1 V56_LMIN=3 V56_LAST=2 SAVE_OUT=ov56_19.npy
v56e_19	python run_v29w.py 19 v56e est_v29.py V29_WARM_JOIN=1 V29_WARM_FB=1 V17_R_RES=4 V26_STRASSEN=6 V26_STRASSEN_MIN=16 V32_JOIN_SMM=1 V32_ROT_SMM=1 V32_JOIN_POST=3 V32_JP_C=0.1 V21_R_OLD=320 V24_R_OLD2=192 V18_R_FB=2 V24_AGE_OLD2=8 V33_K4Q=3 V33_K4Q_RANK=4 V34_OPT=abcdefgj V33_SAT=-2.5 V35_SAT_ROUND=64 V35_SATC=1 V35_SKIP_JOIN_L2=1 V35_SB_MN=8 V35_CPRE_MN=8 V35_JN_MN=8 V33_WK4M=3 V31_K4D=3 V52_FB_FOLD=1 V56_P4=2 V56_A=1 V56_B=1 V56_LMIN=3 V56_LAST=2 V56_EPS=0.001 SAVE_OUT=ov56e_19.npy
v56_20	python run_v29w.py 20 v56 est_v29.py V29_WARM_JOIN=1 V29_WARM_FB=1 V17_R_RES=4 V26_STRASSEN=6 V26_STRASSEN_MIN=16 V32_JOIN_SMM=1 V32_ROT_SMM=1 V32_JOIN_POST=3 V32_JP_C=0.1 V21_R_OLD=320 V24_R_OLD2=192 V18_R_FB=2 V24_AGE_OLD2=8 V33_K4Q=3 V33_K4Q_RANK=4 V34_OPT=abcdefgj V33_SAT=-2.5 V35_SAT_ROUND=64 V35_SATC=1 V35_SKIP_JOIN_L2=1 V35_SB_MN=8 V35_CPRE_MN=8 V35_JN_MN=8 V33_WK4M=3 V31_K4D=3 V52_FB_FOLD=1 V56_P4=2 V56_A=1 V56_B=1 V56_LMIN=3 V56_LAST=2 SAVE_OUT=ov56_20.npy
v56e_20	python run_v29w.py 20 v56e est_v29.py V29_WARM_JOIN=1 V29_WARM_FB=1 V17_R_RES=4 V26_STRASSEN=6 V26_STRASSEN_MIN=16 V32_JOIN_SMM=1 V32_ROT_SMM=1 V32_JOIN_POST=3 V32_JP_C=0.1 V21_R_OLD=320 V24_R_OLD2=192 V18_R_FB=2 V24_AGE_OLD2=8 V33_K4Q=3 V33_K4Q_RANK=4 V34_OPT=abcdefgj V33_SAT=-2.5 V35_SAT_ROUND=64 V35_SATC=1 V35_SKIP_JOIN_L2=1 V35_SB_MN=8 V35_CPRE_MN=8 V35_JN_MN=8 V33_WK4M=3 V31_K4D=3 V52_FB_FOLD=1 V56_P4=2 V56_A=1 V56_B=1 V56_LMIN=3 V56_LAST=2 V56_EPS=0.001 SAVE_OUT=ov56e_20.npy
v56_21	python run_v29w.py 21 v56 est_v29.py V29_WARM_JOIN=1 V29_WARM_FB=1 V17_R_RES=4 V26_STRASSEN=6 V26_STRASSEN_MIN=16 V32_JOIN_SMM=1 V32_ROT_SMM=1 V32_JOIN_POST=3 V32_JP_C=0.1 V21_R_OLD=320 V24_R_OLD2=192 V18_R_FB=2 V24_AGE_OLD2=8 V33_K4Q=3 V33_K4Q_RANK=4 V34_OPT=abcdefgj V33_SAT=-2.5 V35_SAT_ROUND=64 V35_SATC=1 V35_SKIP_JOIN_L2=1 V35_SB_MN=8 V35_CPRE_MN=8 V35_JN_MN=8 V33_WK4M=3 V31_K4D=3 V52_FB_FOLD=1 V56_P4=2 V56_A=1 V56_B=1 V56_LMIN=3 V56_LAST=2 SAVE_OUT=ov56_21.npy
v56e_21	python run_v29w.py 21 v56e est_v29.py V29_WARM_JOIN=1 V29_WARM_FB=1 V17_R_RES=4 V26_STRASSEN=6 V26_STRASSEN_MIN=16 V32_JOIN_SMM=1 V32_ROT_SMM=1 V32_JOIN_POST=3 V32_JP_C=0.1 V21_R_OLD=320 V24_R_OLD2=192 V18_R_FB=2 V24_AGE_OLD2=8 V33_K4Q=3 V33_K4Q_RANK=4 V34_OPT=abcdefgj V33_SAT=-2.5 V35_SAT_ROUND=64 V35_SATC=1 V35_SKIP_JOIN_L2=1 V35_SB_MN=8 V35_CPRE_MN=8 V35_JN_MN=8 V33_WK4M=3 V31_K4D=3 V52_FB_FOLD=1 V56_P4=2 V56_A=1 V56_B=1 V56_LMIN=3 V56_LAST=2 V56_EPS=0.001 SAVE_OUT=ov56e_21.npy
v56_22	python run_v29w.py 22 v56 est_v29.py V29_WARM_JOIN=1 V29_WARM_FB=1 V17_R_RES=4 V26_STRASSEN=6 V26_STRASSEN_MIN=16 V32_JOIN_SMM=1 V32_ROT_SMM=1 V32_JOIN_POST=3 V32_JP_C=0.1 V21_R_OLD=320 V24_R_OLD2=192 V18_R_FB=2 V24_AGE_OLD2=8 V33_K4Q=3 V33_K4Q_RANK=4 V34_OPT=abcdefgj V33_SAT=-2.5 V35_SAT_ROUND=64 V35_SATC=1 V35_SKIP_JOIN_L2=1 V35_SB_MN=8 V35_CPRE_MN=8 V35_JN_MN=8 V33_WK4M=3 V31_K4D=3 V52_FB_FOLD=1 V56_P4=2 V56_A=1 V56_B=1 V56_LMIN=3 V56_LAST=2 SAVE_OUT=ov56_22.npy
v56e_22	python run_v29w.py 22 v56e est_v29.py V29_WARM_JOIN=1 V29_WARM_FB=1 V17_R_RES=4 V26_STRASSEN=6 V26_STRASSEN_MIN=16 V32_JOIN_SMM=1 V32_ROT_SMM=1 V32_JOIN_POST=3 V32_JP_C=0.1 V21_R_OLD=320 V24_R_OLD2=192 V18_R_FB=2 V24_AGE_OLD2=8 V33_K4Q=3 V33_K4Q_RANK=4 V34_OPT=abcdefgj V33_SAT=-2.5 V35_SAT_ROUND=64 V35_SATC=1 V35_SKIP_JOIN_L2=1 V35_SB_MN=8 V35_CPRE_MN=8 V35_JN_MN=8 V33_WK4M=3 V31_K4D=3 V52_FB_FOLD=1 V56_P4=2 V56_A=1 V56_B=1 V56_LMIN=3 V56_LAST=2 V56_EPS=0.001 SAVE_OUT=ov56e_22.npy
v56_23	python run_v29w.py 23 v56 est_v29.py V29_WARM_JOIN=1 V29_WARM_FB=1 V17_R_RES=4 V26_STRASSEN=6 V26_STRASSEN_MIN=16 V32_JOIN_SMM=1 V32_ROT_SMM=1 V32_JOIN_POST=3 V32_JP_C=0.1 V21_R_OLD=320 V24_R_OLD2=192 V18_R_FB=2 V24_AGE_OLD2=8 V33_K4Q=3 V33_K4Q_RANK=4 V34_OPT=abcdefgj V33_SAT=-2.5 V35_SAT_ROUND=64 V35_SATC=1 V35_SKIP_JOIN_L2=1 V35_SB_MN=8 V35_CPRE_MN=8 V35_JN_MN=8 V33_WK4M=3 V31_K4D=3 V52_FB_FOLD=1 V56_P4=2 V56_A=1 V56_B=1 V56_LMIN=3 V56_LAST=2 SAVE_OUT=ov56_23.npy
v56e_23	python run_v29w.py 23 v56e est_v29.py V29_WARM_JOIN=1 V29_WARM_FB=1 V17_R_RES=4 V26_STRASSEN=6 V26_STRASSEN_MIN=16 V32_JOIN_SMM=1 V32_ROT_SMM=1 V32_JOIN_POST=3 V32_JP_C=0.1 V21_R_OLD=320 V24_R_OLD2=192 V18_R_FB=2 V24_AGE_OLD2=8 V33_K4Q=3 V33_K4Q_RANK=4 V34_OPT=abcdefgj V33_SAT=-2.5 V35_SAT_ROUND=64 V35_SATC=1 V35_SKIP_JOIN_L2=1 V35_SB_MN=8 V35_CPRE_MN=8 V35_JN_MN=8 V33_WK4M=3 V31_K4D=3 V52_FB_FOLD=1 V56_P4=2 V56_A=1 V56_B=1 V56_LMIN=3 V56_LAST=2 V56_EPS=0.001 SAVE_OUT=ov56e_23.npy
v56_24	python run_v29w.py 24 v56 est_v29.py V29_WARM_JOIN=1 V29_WARM_FB=1 V17_R_RES=4 V26_STRASSEN=6 V26_STRASSEN_MIN=16 V32_JOIN_SMM=1 V32_ROT_SMM=1 V32_JOIN_POST=3 V32_JP_C=0.1 V21_R_OLD=320 V24_R_OLD2=192 V18_R_FB=2 V24_AGE_OLD2=8 V33_K4Q=3 V33_K4Q_RANK=4 V34_OPT=abcdefgj V33_SAT=-2.5 V35_SAT_ROUND=64 V35_SATC=1 V35_SKIP_JOIN_L2=1 V35_SB_MN=8 V35_CPRE_MN=8 V35_JN_MN=8 V33_WK4M=3 V31_K4D=3 V52_FB_FOLD=1 V56_P4=2 V56_A=1 V56_B=1 V56_LMIN=3 V56_LAST=2 SAVE_OUT=ov56_24.npy
v56e_24	python run_v29w.py 24 v56e est_v29.py V29_WARM_JOIN=1 V29_WARM_FB=1 V17_R_RES=4 V26_STRASSEN=6 V26_STRASSEN_MIN=16 V32_JOIN_SMM=1 V32_ROT_SMM=1 V32_JOIN_POST=3 V32_JP_C=0.1 V21_R_OLD=320 V24_R_OLD2=192 V18_R_FB=2 V24_AGE_OLD2=8 V33_K4Q=3 V33_K4Q_RANK=4 V34_OPT=abcdefgj V33_SAT=-2.5 V35_SAT_ROUND=64 V35_SATC=1 V35_SKIP_JOIN_L2=1 V35_SB_MN=8 V35_CPRE_MN=8 V35_JN_MN=8 V33_WK4M=3 V31_K4D=3 V52_FB_FOLD=1 V56_P4=2 V56_A=1 V56_B=1 V56_LMIN=3 V56_LAST=2 V56_EPS=0.001 SAVE_OUT=ov56e_24.npy
v56_25	python run_v29w.py 25 v56 est_v29.py V29_WARM_JOIN=1 V29_WARM_FB=1 V17_R_RES=4 V26_STRASSEN=6 V26_STRASSEN_MIN=16 V32_JOIN_SMM=1 V32_ROT_SMM=1 V32_JOIN_POST=3 V32_JP_C=0.1 V21_R_OLD=320 V24_R_OLD2=192 V18_R_FB=2 V24_AGE_OLD2=8 V33_K4Q=3 V33_K4Q_RANK=4 V34_OPT=abcdefgj V33_SAT=-2.5 V35_SAT_ROUND=64 V35_SATC=1 V35_SKIP_JOIN_L2=1 V35_SB_MN=8 V35_CPRE_MN=8 V35_JN_MN=8 V33_WK4M=3 V31_K4D=3 V52_FB_FOLD=1 V56_P4=2 V56_A=1 V56_B=1 V56_LMIN=3 V56_LAST=2 SAVE_OUT=ov56_25.npy
v56e_25	python run_v29w.py 25 v56e est_v29.py V29_WARM_JOIN=1 V29_WARM_FB=1 V17_R_RES=4 V26_STRASSEN=6 V26_STRASSEN_MIN=16 V32_JOIN_SMM=1 V32_ROT_SMM=1 V32_JOIN_POST=3 V32_JP_C=0.1 V21_R_OLD=320 V24_R_OLD2=192 V18_R_FB=2 V24_AGE_OLD2=8 V33_K4Q=3 V33_K4Q_RANK=4 V34_OPT=abcdefgj V33_SAT=-2.5 V35_SAT_ROUND=64 V35_SATC=1 V35_SKIP_JOIN_L2=1 V35_SB_MN=8 V35_CPRE_MN=8 V35_JN_MN=8 V33_WK4M=3 V31_K4D=3 V52_FB_FOLD=1 V56_P4=2 V56_A=1 V56_B=1 V56_LMIN=3 V56_LAST=2 V56_EPS=0.001 SAVE_OUT=ov56e_25.npy
v56_26	python run_v29w.py 26 v56 est_v29.py V29_WARM_JOIN=1 V29_WARM_FB=1 V17_R_RES=4 V26_STRASSEN=6 V26_STRASSEN_MIN=16 V32_JOIN_SMM=1 V32_ROT_SMM=1 V32_JOIN_POST=3 V32_JP_C=0.1 V21_R_OLD=320 V24_R_OLD2=192 V18_R_FB=2 V24_AGE_OLD2=8 V33_K4Q=3 V33_K4Q_RANK=4 V34_OPT=abcdefgj V33_SAT=-2.5 V35_SAT_ROUND=64 V35_SATC=1 V35_SKIP_JOIN_L2=1 V35_SB_MN=8 V35_CPRE_MN=8 V35_JN_MN=8 V33_WK4M=3 V31_K4D=3 V52_FB_FOLD=1 V56_P4=2 V56_A=1 V56_B=1 V56_LMIN=3 V56_LAST=2 SAVE_OUT=ov56_26.npy
v56e_26	python run_v29w.py 26 v56e est_v29.py V29_WARM_JOIN=1 V29_WARM_FB=1 V17_R_RES=4 V26_STRASSEN=6 V26_STRASSEN_MIN=16 V32_JOIN_SMM=1 V32_ROT_SMM=1 V32_JOIN_POST=3 V32_JP_C=0.1 V21_R_OLD=320 V24_R_OLD2=192 V18_R_FB=2 V24_AGE_OLD2=8 V33_K4Q=3 V33_K4Q_RANK=4 V34_OPT=abcdefgj V33_SAT=-2.5 V35_SAT_ROUND=64 V35_SATC=1 V35_SKIP_JOIN_L2=1 V35_SB_MN=8 V35_CPRE_MN=8 V35_JN_MN=8 V33_WK4M=3 V31_K4D=3 V52_FB_FOLD=1 V56_P4=2 V56_A=1 V56_B=1 V56_LMIN=3 V56_LAST=2 V56_EPS=0.001 SAVE_OUT=ov56e_26.npy
v56_27	python run_v29w.py 27 v56 est_v29.py V29_WARM_JOIN=1 V29_WARM_FB=1 V17_R_RES=4 V26_STRASSEN=6 V26_STRASSEN_MIN=16 V32_JOIN_SMM=1 V32_ROT_SMM=1 V32_JOIN_POST=3 V32_JP_C=0.1 V21_R_OLD=320 V24_R_OLD2=192 V18_R_FB=2 V24_AGE_OLD2=8 V33_K4Q=3 V33_K4Q_RANK=4 V34_OPT=abcdefgj V33_SAT=-2.5 V35_SAT_ROUND=64 V35_SATC=1 V35_SKIP_JOIN_L2=1 V35_SB_MN=8 V35_CPRE_MN=8 V35_JN_MN=8 V33_WK4M=3 V31_K4D=3 V52_FB_FOLD=1 V56_P4=2 V56_A=1 V56_B=1 V56_LMIN=3 V56_LAST=2 SAVE_OUT=ov56_27.npy
v56e_27	python run_v29w.py 27 v56e est_v29.py V29_WARM_JOIN=1 V29_WARM_FB=1 V17_R_RES=4 V26_STRASSEN=6 V26_STRASSEN_MIN=16 V32_JOIN_SMM=1 V32_ROT_SMM=1 V32_JOIN_POST=3 V32_JP_C=0.1 V21_R_OLD=320 V24_R_OLD2=192 V18_R_FB=2 V24_AGE_OLD2=8 V33_K4Q=3 V33_K4Q_RANK=4 V34_OPT=abcdefgj V33_SAT=-2.5 V35_SAT_ROUND=64 V35_SATC=1 V35_SKIP_JOIN_L2=1 V35_SB_MN=8 V35_CPRE_MN=8 V35_JN_MN=8 V33_WK4M=3 V31_K4D=3 V52_FB_FOLD=1 V56_P4=2 V56_A=1 V56_B=1 V56_LMIN=3 V56_LAST=2 V56_EPS=0.001 SAVE_OUT=ov56e_27.npy
v56_28	python run_v29w.py 28 v56 est_v29.py V29_WARM_JOIN=1 V29_WARM_FB=1 V17_R_RES=4 V26_STRASSEN=6 V26_STRASSEN_MIN=16 V32_JOIN_SMM=1 V32_ROT_SMM=1 V32_JOIN_POST=3 V32_JP_C=0.1 V21_R_OLD=320 V24_R_OLD2=192 V18_R_FB=2 V24_AGE_OLD2=8 V33_K4Q=3 V33_K4Q_RANK=4 V34_OPT=abcdefgj V33_SAT=-2.5 V35_SAT_ROUND=64 V35_SATC=1 V35_SKIP_JOIN_L2=1 V35_SB_MN=8 V35_CPRE_MN=8 V35_JN_MN=8 V33_WK4M=3 V31_K4D=3 V52_FB_FOLD=1 V56_P4=2 V56_A=1 V56_B=1 V56_LMIN=3 V56_LAST=2 SAVE_OUT=ov56_28.npy
v56e_28	python run_v29w.py 28 v56e est_v29.py V29_WARM_JOIN=1 V29_WARM_FB=1 V17_R_RES=4 V26_STRASSEN=6 V26_STRASSEN_MIN=16 V32_JOIN_SMM=1 V32_ROT_SMM=1 V32_JOIN_POST=3 V32_JP_C=0.1 V21_R_OLD=320 V24_R_OLD2=192 V18_R_FB=2 V24_AGE_OLD2=8 V33_K4Q=3 V33_K4Q_RANK=4 V34_OPT=abcdefgj V33_SAT=-2.5 V35_SAT_ROUND=64 V35_SATC=1 V35_SKIP_JOIN_L2=1 V35_SB_MN=8 V35_CPRE_MN=8 V35_JN_MN=8 V33_WK4M=3 V31_K4D=3 V52_FB_FOLD=1 V56_P4=2 V56_A=1 V56_B=1 V56_LMIN=3 V56_LAST=2 V56_EPS=0.001 SAVE_OUT=ov56e_28.npy
v56_29	python run_v29w.py 29 v56 est_v29.py V29_WARM_JOIN=1 V29_WARM_FB=1 V17_R_RES=4 V26_STRASSEN=6 V26_STRASSEN_MIN=16 V32_JOIN_SMM=1 V32_ROT_SMM=1 V32_JOIN_POST=3 V32_JP_C=0.1 V21_R_OLD=320 V24_R_OLD2=192 V18_R_FB=2 V24_AGE_OLD2=8 V33_K4Q=3 V33_K4Q_RANK=4 V34_OPT=abcdefgj V33_SAT=-2.5 V35_SAT_ROUND=64 V35_SATC=1 V35_SKIP_JOIN_L2=1 V35_SB_MN=8 V35_CPRE_MN=8 V35_JN_MN=8 V33_WK4M=3 V31_K4D=3 V52_FB_FOLD=1 V56_P4=2 V56_A=1 V56_B=1 V56_LMIN=3 V56_LAST=2 SAVE_OUT=ov56_29.npy
v56e_29	python run_v29w.py 29 v56e est_v29.py V29_WARM_JOIN=1 V29_WARM_FB=1 V17_R_RES=4 V26_STRASSEN=6 V26_STRASSEN_MIN=16 V32_JOIN_SMM=1 V32_ROT_SMM=1 V32_JOIN_POST=3 V32_JP_C=0.1 V21_R_OLD=320 V24_R_OLD2=192 V18_R_FB=2 V24_AGE_OLD2=8 V33_K4Q=3 V33_K4Q_RANK=4 V34_OPT=abcdefgj V33_SAT=-2.5 V35_SAT_ROUND=64 V35_SATC=1 V35_SKIP_JOIN_L2=1 V35_SB_MN=8 V35_CPRE_MN=8 V35_JN_MN=8 V33_WK4M=3 V31_K4D=3 V52_FB_FOLD=1 V56_P4=2 V56_A=1 V56_B=1 V56_LMIN=3 V56_LAST=2 V56_EPS=0.001 SAVE_OUT=ov56e_29.npy
v56_30	python run_v29w.py 30 v56 est_v29.py V29_WARM_JOIN=1 V29_WARM_FB=1 V17_R_RES=4 V26_STRASSEN=6 V26_STRASSEN_MIN=16 V32_JOIN_SMM=1 V32_ROT_SMM=1 V32_JOIN_POST=3 V32_JP_C=0.1 V21_R_OLD=320 V24_R_OLD2=192 V18_R_FB=2 V24_AGE_OLD2=8 V33_K4Q=3 V33_K4Q_RANK=4 V34_OPT=abcdefgj V33_SAT=-2.5 V35_SAT_ROUND=64 V35_SATC=1 V35_SKIP_JOIN_L2=1 V35_SB_MN=8 V35_CPRE_MN=8 V35_JN_MN=8 V33_WK4M=3 V31_K4D=3 V52_FB_FOLD=1 V56_P4=2 V56_A=1 V56_B=1 V56_LMIN=3 V56_LAST=2 SAVE_OUT=ov56_30.npy
v56e_30	python run_v29w.py 30 v56e est_v29.py V29_WARM_JOIN=1 V29_WARM_FB=1 V17_R_RES=4 V26_STRASSEN=6 V26_STRASSEN_MIN=16 V32_JOIN_SMM=1 V32_ROT_SMM=1 V32_JOIN_POST=3 V32_JP_C=0.1 V21_R_OLD=320 V24_R_OLD2=192 V18_R_FB=2 V24_AGE_OLD2=8 V33_K4Q=3 V33_K4Q_RANK=4 V34_OPT=abcdefgj V33_SAT=-2.5 V35_SAT_ROUND=64 V35_SATC=1 V35_SKIP_JOIN_L2=1 V35_SB_MN=8 V35_CPRE_MN=8 V35_JN_MN=8 V33_WK4M=3 V31_K4D=3 V52_FB_FOLD=1 V56_P4=2 V56_A=1 V56_B=1 V56_LMIN=3 V56_LAST=2 V56_EPS=0.001 SAVE_OUT=ov56e_30.npy
v56_31	python run_v29w.py 31 v56 est_v29.py V29_WARM_JOIN=1 V29_WARM_FB=1 V17_R_RES=4 V26_STRASSEN=6 V26_STRASSEN_MIN=16 V32_JOIN_SMM=1 V32_ROT_SMM=1 V32_JOIN_POST=3 V32_JP_C=0.1 V21_R_OLD=320 V24_R_OLD2=192 V18_R_FB=2 V24_AGE_OLD2=8 V33_K4Q=3 V33_K4Q_RANK=4 V34_OPT=abcdefgj V33_SAT=-2.5 V35_SAT_ROUND=64 V35_SATC=1 V35_SKIP_JOIN_L2=1 V35_SB_MN=8 V35_CPRE_MN=8 V35_JN_MN=8 V33_WK4M=3 V31_K4D=3 V52_FB_FOLD=1 V56_P4=2 V56_A=1 V56_B=1 V56_LMIN=3 V56_LAST=2 SAVE_OUT=ov56_31.npy
v56e_31	python run_v29w.py 31 v56e est_v29.py V29_WARM_JOIN=1 V29_WARM_FB=1 V17_R_RES=4 V26_STRASSEN=6 V26_STRASSEN_MIN=16 V32_JOIN_SMM=1 V32_ROT_SMM=1 V32_JOIN_POST=3 V32_JP_C=0.1 V21_R_OLD=320 V24_R_OLD2=192 V18_R_FB=2 V24_AGE_OLD2=8 V33_K4Q=3 V33_K4Q_RANK=4 V34_OPT=abcdefgj V33_SAT=-2.5 V35_SAT_ROUND=64 V35_SATC=1 V35_SKIP_JOIN_L2=1 V35_SB_MN=8 V35_CPRE_MN=8 V35_JN_MN=8 V33_WK4M=3 V31_K4D=3 V52_FB_FOLD=1 V56_P4=2 V56_A=1 V56_B=1 V56_LMIN=3 V56_LAST=2 V56_EPS=0.001 SAVE_OUT=ov56e_31.npy
v56_32	python run_v29w.py 32 v56 est_v29.py V29_WARM_JOIN=1 V29_WARM_FB=1 V17_R_RES=4 V26_STRASSEN=6 V26_STRASSEN_MIN=16 V32_JOIN_SMM=1 V32_ROT_SMM=1 V32_JOIN_POST=3 V32_JP_C=0.1 V21_R_OLD=320 V24_R_OLD2=192 V18_R_FB=2 V24_AGE_OLD2=8 V33_K4Q=3 V33_K4Q_RANK=4 V34_OPT=abcdefgj V33_SAT=-2.5 V35_SAT_ROUND=64 V35_SATC=1 V35_SKIP_JOIN_L2=1 V35_SB_MN=8 V35_CPRE_MN=8 V35_JN_MN=8 V33_WK4M=3 V31_K4D=3 V52_FB_FOLD=1 V56_P4=2 V56_A=1 V56_B=1 V56_LMIN=3 V56_LAST=2 SAVE_OUT=ov56_32.npy
v56e_32	python run_v29w.py 32 v56e est_v29.py V29_WARM_JOIN=1 V29_WARM_FB=1 V17_R_RES=4 V26_STRASSEN=6 V26_STRASSEN_MIN=16 V32_JOIN_SMM=1 V32_ROT_SMM=1 V32_JOIN_POST=3 V32_JP_C=0.1 V21_R_OLD=320 V24_R_OLD2=192 V18_R_FB=2 V24_AGE_OLD2=8 V33_K4Q=3 V33_K4Q_RANK=4 V34_OPT=abcdefgj V33_SAT=-2.5 V35_SAT_ROUND=64 V35_SATC=1 V35_SKIP_JOIN_L2=1 V35_SB_MN=8 V35_CPRE_MN=8 V35_JN_MN=8 V33_WK4M=3 V31_K4D=3 V52_FB_FOLD=1 V56_P4=2 V56_A=1 V56_B=1 V56_LMIN=3 V56_LAST=2 V56_EPS=0.001 SAVE_OUT=ov56e_32.npy
v56_33	python run_v29w.py 33 v56 est_v29.py V29_WARM_JOIN=1 V29_WARM_FB=1 V17_R_RES=4 V26_STRASSEN=6 V26_STRASSEN_MIN=16 V32_JOIN_SMM=1 V32_ROT_SMM=1 V32_JOIN_POST=3 V32_JP_C=0.1 V21_R_OLD=320 V24_R_OLD2=192 V18_R_FB=2 V24_AGE_OLD2=8 V33_K4Q=3 V33_K4Q_RANK=4 V34_OPT=abcdefgj V33_SAT=-2.5 V35_SAT_ROUND=64 V35_SATC=1 V35_SKIP_JOIN_L2=1 V35_SB_MN=8 V35_CPRE_MN=8 V35_JN_MN=8 V33_WK4M=3 V31_K4D=3 V52_FB_FOLD=1 V56_P4=2 V56_A=1 V56_B=1 V56_LMIN=3 V56_LAST=2 SAVE_OUT=ov56_33.npy
v56e_33	python run_v29w.py 33 v56e est_v29.py V29_WARM_JOIN=1 V29_WARM_FB=1 V17_R_RES=4 V26_STRASSEN=6 V26_STRASSEN_MIN=16 V32_JOIN_SMM=1 V32_ROT_SMM=1 V32_JOIN_POST=3 V32_JP_C=0.1 V21_R_OLD=320 V24_R_OLD2=192 V18_R_FB=2 V24_AGE_OLD2=8 V33_K4Q=3 V33_K4Q_RANK=4 V34_OPT=abcdefgj V33_SAT=-2.5 V35_SAT_ROUND=64 V35_SATC=1 V35_SKIP_JOIN_L2=1 V35_SB_MN=8 V35_CPRE_MN=8 V35_JN_MN=8 V33_WK4M=3 V31_K4D=3 V52_FB_FOLD=1 V56_P4=2 V56_A=1 V56_B=1 V56_LMIN=3 V56_LAST=2 V56_EPS=0.001 SAVE_OUT=ov56e_33.npy
v56_34	python run_v29w.py 34 v56 est_v29.py V29_WARM_JOIN=1 V29_WARM_FB=1 V17_R_RES=4 V26_STRASSEN=6 V26_STRASSEN_MIN=16 V32_JOIN_SMM=1 V32_ROT_SMM=1 V32_JOIN_POST=3 V32_JP_C=0.1 V21_R_OLD=320 V24_R_OLD2=192 V18_R_FB=2 V24_AGE_OLD2=8 V33_K4Q=3 V33_K4Q_RANK=4 V34_OPT=abcdefgj V33_SAT=-2.5 V35_SAT_ROUND=64 V35_SATC=1 V35_SKIP_JOIN_L2=1 V35_SB_MN=8 V35_CPRE_MN=8 V35_JN_MN=8 V33_WK4M=3 V31_K4D=3 V52_FB_FOLD=1 V56_P4=2 V56_A=1 V56_B=1 V56_LMIN=3 V56_LAST=2 SAVE_OUT=ov56_34.npy
v56e_34	python run_v29w.py 34 v56e est_v29.py V29_WARM_JOIN=1 V29_WARM_FB=1 V17_R_RES=4 V26_STRASSEN=6 V26_STRASSEN_MIN=16 V32_JOIN_SMM=1 V32_ROT_SMM=1 V32_JOIN_POST=3 V32_JP_C=0.1 V21_R_OLD=320 V24_R_OLD2=192 V18_R_FB=2 V24_AGE_OLD2=8 V33_K4Q=3 V33_K4Q_RANK=4 V34_OPT=abcdefgj V33_SAT=-2.5 V35_SAT_ROUND=64 V35_SATC=1 V35_SKIP_JOIN_L2=1 V35_SB_MN=8 V35_CPRE_MN=8 V35_JN_MN=8 V33_WK4M=3 V31_K4D=3 V52_FB_FOLD=1 V56_P4=2 V56_A=1 V56_B=1 V56_LMIN=3 V56_LAST=2 V56_EPS=0.001 SAVE_OUT=ov56e_34.npy
v56_35	python run_v29w.py 35 v56 est_v29.py V29_WARM_JOIN=1 V29_WARM_FB=1 V17_R_RES=4 V26_STRASSEN=6 V26_STRASSEN_MIN=16 V32_JOIN_SMM=1 V32_ROT_SMM=1 V32_JOIN_POST=3 V32_JP_C=0.1 V21_R_OLD=320 V24_R_OLD2=192 V18_R_FB=2 V24_AGE_OLD2=8 V33_K4Q=3 V33_K4Q_RANK=4 V34_OPT=abcdefgj V33_SAT=-2.5 V35_SAT_ROUND=64 V35_SATC=1 V35_SKIP_JOIN_L2=1 V35_SB_MN=8 V35_CPRE_MN=8 V35_JN_MN=8 V33_WK4M=3 V31_K4D=3 V52_FB_FOLD=1 V56_P4=2 V56_A=1 V56_B=1 V56_LMIN=3 V56_LAST=2 SAVE_OUT=ov56_35.npy
v56e_35	python run_v29w.py 35 v56e est_v29.py V29_WARM_JOIN=1 V29_WARM_FB=1 V17_R_RES=4 V26_STRASSEN=6 V26_STRASSEN_MIN=16 V32_JOIN_SMM=1 V32_ROT_SMM=1 V32_JOIN_POST=3 V32_JP_C=0.1 V21_R_OLD=320 V24_R_OLD2=192 V18_R_FB=2 V24_AGE_OLD2=8 V33_K4Q=3 V33_K4Q_RANK=4 V34_OPT=abcdefgj V33_SAT=-2.5 V35_SAT_ROUND=64 V35_SATC=1 V35_SKIP_JOIN_L2=1 V35_SB_MN=8 V35_CPRE_MN=8 V35_JN_MN=8 V33_WK4M=3 V31_K4D=3 V52_FB_FOLD=1 V56_P4=2 V56_A=1 V56_B=1 V56_LMIN=3 V56_LAST=2 V56_EPS=0.001 SAVE_OUT=ov56e_35.npy
v56_36	python run_v29w.py 36 v56 est_v29.py V29_WARM_JOIN=1 V29_WARM_FB=1 V17_R_RES=4 V26_STRASSEN=6 V26_STRASSEN_MIN=16 V32_JOIN_SMM=1 V32_ROT_SMM=1 V32_JOIN_POST=3 V32_JP_C=0.1 V21_R_OLD=320 V24_R_OLD2=192 V18_R_FB=2 V24_AGE_OLD2=8 V33_K4Q=3 V33_K4Q_RANK=4 V34_OPT=abcdefgj V33_SAT=-2.5 V35_SAT_ROUND=64 V35_SATC=1 V35_SKIP_JOIN_L2=1 V35_SB_MN=8 V35_CPRE_MN=8 V35_JN_MN=8 V33_WK4M=3 V31_K4D=3 V52_FB_FOLD=1 V56_P4=2 V56_A=1 V56_B=1 V56_LMIN=3 V56_LAST=2 SAVE_OUT=ov56_36.npy
v56e_36	python run_v29w.py 36 v56e est_v29.py V29_WARM_JOIN=1 V29_WARM_FB=1 V17_R_RES=4 V26_STRASSEN=6 V26_STRASSEN_MIN=16 V32_JOIN_SMM=1 V32_ROT_SMM=1 V32_JOIN_POST=3 V32_JP_C=0.1 V21_R_OLD=320 V24_R_OLD2=192 V18_R_FB=2 V24_AGE_OLD2=8 V33_K4Q=3 V33_K4Q_RANK=4 V34_OPT=abcdefgj V33_SAT=-2.5 V35_SAT_ROUND=64 V35_SATC=1 V35_SKIP_JOIN_L2=1 V35_SB_MN=8 V35_CPRE_MN=8 V35_JN_MN=8 V33_WK4M=3 V31_K4D=3 V52_FB_FOLD=1 V56_P4=2 V56_A=1 V56_B=1 V56_LMIN=3 V56_LAST=2 V56_EPS=0.001 SAVE_OUT=ov56e_36.npy
v56_37	python run_v29w.py 37 v56 est_v29.py V29_WARM_JOIN=1 V29_WARM_FB=1 V17_R_RES=4 V26_STRASSEN=6 V26_STRASSEN_MIN=16 V32_JOIN_SMM=1 V32_ROT_SMM=1 V32_JOIN_POST=3 V32_JP_C=0.1 V21_R_OLD=320 V24_R_OLD2=192 V18_R_FB=2 V24_AGE_OLD2=8 V33_K4Q=3 V33_K4Q_RANK=4 V34_OPT=abcdefgj V33_SAT=-2.5 V35_SAT_ROUND=64 V35_SATC=1 V35_SKIP_JOIN_L2=1 V35_SB_MN=8 V35_CPRE_MN=8 V35_JN_MN=8 V33_WK4M=3 V31_K4D=3 V52_FB_FOLD=1 V56_P4=2 V56_A=1 V56_B=1 V56_LMIN=3 V56_LAST=2 SAVE_OUT=ov56_37.npy
v56e_37	python run_v29w.py 37 v56e est_v29.py V29_WARM_JOIN=1 V29_WARM_FB=1 V17_R_RES=4 V26_STRASSEN=6 V26_STRASSEN_MIN=16 V32_JOIN_SMM=1 V32_ROT_SMM=1 V32_JOIN_POST=3 V32_JP_C=0.1 V21_R_OLD=320 V24_R_OLD2=192 V18_R_FB=2 V24_AGE_OLD2=8 V33_K4Q=3 V33_K4Q_RANK=4 V34_OPT=abcdefgj V33_SAT=-2.5 V35_SAT_ROUND=64 V35_SATC=1 V35_SKIP_JOIN_L2=1 V35_SB_MN=8 V35_CPRE_MN=8 V35_JN_MN=8 V33_WK4M=3 V31_K4D=3 V52_FB_FOLD=1 V56_P4=2 V56_A=1 V56_B=1 V56_LMIN=3 V56_LAST=2 V56_EPS=0.001 SAVE_OUT=ov56e_37.npy
v56_38	python run_v29w.py 38 v56 est_v29.py V29_WARM_JOIN=1 V29_WARM_FB=1 V17_R_RES=4 V26_STRASSEN=6 V26_STRASSEN_MIN=16 V32_JOIN_SMM=1 V32_ROT_SMM=1 V32_JOIN_POST=3 V32_JP_C=0.1 V21_R_OLD=320 V24_R_OLD2=192 V18_R_FB=2 V24_AGE_OLD2=8 V33_K4Q=3 V33_K4Q_RANK=4 V34_OPT=abcdefgj V33_SAT=-2.5 V35_SAT_ROUND=64 V35_SATC=1 V35_SKIP_JOIN_L2=1 V35_SB_MN=8 V35_CPRE_MN=8 V35_JN_MN=8 V33_WK4M=3 V31_K4D=3 V52_FB_FOLD=1 V56_P4=2 V56_A=1 V56_B=1 V56_LMIN=3 V56_LAST=2 SAVE_OUT=ov56_38.npy
v56e_38	python run_v29w.py 38 v56e est_v29.py V29_WARM_JOIN=1 V29_WARM_FB=1 V17_R_RES=4 V26_STRASSEN=6 V26_STRASSEN_MIN=16 V32_JOIN_SMM=1 V32_ROT_SMM=1 V32_JOIN_POST=3 V32_JP_C=0.1 V21_R_OLD=320 V24_R_OLD2=192 V18_R_FB=2 V24_AGE_OLD2=8 V33_K4Q=3 V33_K4Q_RANK=4 V34_OPT=abcdefgj V33_SAT=-2.5 V35_SAT_ROUND=64 V35_SATC=1 V35_SKIP_JOIN_L2=1 V35_SB_MN=8 V35_CPRE_MN=8 V35_JN_MN=8 V33_WK4M=3 V31_K4D=3 V52_FB_FOLD=1 V56_P4=2 V56_A=1 V56_B=1 V56_LMIN=3 V56_LAST=2 V56_EPS=0.001 SAVE_OUT=ov56e_38.npy
v56_39	python run_v29w.py 39 v56 est_v29.py V29_WARM_JOIN=1 V29_WARM_FB=1 V17_R_RES=4 V26_STRASSEN=6 V26_STRASSEN_MIN=16 V32_JOIN_SMM=1 V32_ROT_SMM=1 V32_JOIN_POST=3 V32_JP_C=0.1 V21_R_OLD=320 V24_R_OLD2=192 V18_R_FB=2 V24_AGE_OLD2=8 V33_K4Q=3 V33_K4Q_RANK=4 V34_OPT=abcdefgj V33_SAT=-2.5 V35_SAT_ROUND=64 V35_SATC=1 V35_SKIP_JOIN_L2=1 V35_SB_MN=8 V35_CPRE_MN=8 V35_JN_MN=8 V33_WK4M=3 V31_K4D=3 V52_FB_FOLD=1 V56_P4=2 V56_A=1 V56_B=1 V56_LMIN=3 V56_LAST=2 SAVE_OUT=ov56_39.npy
v56e_39	python run_v29w.py 39 v56e est_v29.py V29_WARM_JOIN=1 V29_WARM_FB=1 V17_R_RES=4 V26_STRASSEN=6 V26_STRASSEN_MIN=16 V32_JOIN_SMM=1 V32_ROT_SMM=1 V32_JOIN_POST=3 V32_JP_C=0.1 V21_R_OLD=320 V24_R_OLD2=192 V18_R_FB=2 V24_AGE_OLD2=8 V33_K4Q=3 V33_K4Q_RANK=4 V34_OPT=abcdefgj V33_SAT=-2.5 V35_SAT_ROUND=64 V35_SATC=1 V35_SKIP_JOIN_L2=1 V35_SB_MN=8 V35_CPRE_MN=8 V35_JN_MN=8 V33_WK4M=3 V31_K4D=3 V52_FB_FOLD=1 V56_P4=2 V56_A=1 V56_B=1 V56_LMIN=3 V56_LAST=2 V56_EPS=0.001 SAVE_OUT=ov56e_39.npy
v56_40	python run_v29w.py 40 v56 est_v29.py V29_WARM_JOIN=1 V29_WARM_FB=1 V17_R_RES=4 V26_STRASSEN=6 V26_STRASSEN_MIN=16 V32_JOIN_SMM=1 V32_ROT_SMM=1 V32_JOIN_POST=3 V32_JP_C=0.1 V21_R_OLD=320 V24_R_OLD2=192 V18_R_FB=2 V24_AGE_OLD2=8 V33_K4Q=3 V33_K4Q_RANK=4 V34_OPT=abcdefgj V33_SAT=-2.5 V35_SAT_ROUND=64 V35_SATC=1 V35_SKIP_JOIN_L2=1 V35_SB_MN=8 V35_CPRE_MN=8 V35_JN_MN=8 V33_WK4M=3 V31_K4D=3 V52_FB_FOLD=1 V56_P4=2 V56_A=1 V56_B=1 V56_LMIN=3 V56_LAST=2 SAVE_OUT=ov56_40.npy
v56e_40	python run_v29w.py 40 v56e est_v29.py V29_WARM_JOIN=1 V29_WARM_FB=1 V17_R_RES=4 V26_STRASSEN=6 V26_STRASSEN_MIN=16 V32_JOIN_SMM=1 V32_ROT_SMM=1 V32_JOIN_POST=3 V32_JP_C=0.1 V21_R_OLD=320 V24_R_OLD2=192 V18_R_FB=2 V24_AGE_OLD2=8 V33_K4Q=3 V33_K4Q_RANK=4 V34_OPT=abcdefgj V33_SAT=-2.5 V35_SAT_ROUND=64 V35_SATC=1 V35_SKIP_JOIN_L2=1 V35_SB_MN=8 V35_CPRE_MN=8 V35_JN_MN=8 V33_WK4M=3 V31_K4D=3 V52_FB_FOLD=1 V56_P4=2 V56_A=1 V56_B=1 V56_LMIN=3 V56_LAST=2 V56_EPS=0.001 SAVE_OUT=ov56e_40.npy
v56_41	python run_v29w.py 41 v56 est_v29.py V29_WARM_JOIN=1 V29_WARM_FB=1 V17_R_RES=4 V26_STRASSEN=6 V26_STRASSEN_MIN=16 V32_JOIN_SMM=1 V32_ROT_SMM=1 V32_JOIN_POST=3 V32_JP_C=0.1 V21_R_OLD=320 V24_R_OLD2=192 V18_R_FB=2 V24_AGE_OLD2=8 V33_K4Q=3 V33_K4Q_RANK=4 V34_OPT=abcdefgj V33_SAT=-2.5 V35_SAT_ROUND=64 V35_SATC=1 V35_SKIP_JOIN_L2=1 V35_SB_MN=8 V35_CPRE_MN=8 V35_JN_MN=8 V33_WK4M=3 V31_K4D=3 V52_FB_FOLD=1 V56_P4=2 V56_A=1 V56_B=1 V56_LMIN=3 V56_LAST=2 SAVE_OUT=ov56_41.npy
v56e_41	python run_v29w.py 41 v56e est_v29.py V29_WARM_JOIN=1 V29_WARM_FB=1 V17_R_RES=4 V26_STRASSEN=6 V26_STRASSEN_MIN=16 V32_JOIN_SMM=1 V32_ROT_SMM=1 V32_JOIN_POST=3 V32_JP_C=0.1 V21_R_OLD=320 V24_R_OLD2=192 V18_R_FB=2 V24_AGE_OLD2=8 V33_K4Q=3 V33_K4Q_RANK=4 V34_OPT=abcdefgj V33_SAT=-2.5 V35_SAT_ROUND=64 V35_SATC=1 V35_SKIP_JOIN_L2=1 V35_SB_MN=8 V35_CPRE_MN=8 V35_JN_MN=8 V33_WK4M=3 V31_K4D=3 V52_FB_FOLD=1 V56_P4=2 V56_A=1 V56_B=1 V56_LMIN=3 V56_LAST=2 V56_EPS=0.001 SAVE_OUT=ov56e_41.npy
v56_42	python run_v29w.py 42 v56 est_v29.py V29_WARM_JOIN=1 V29_WARM_FB=1 V17_R_RES=4 V26_STRASSEN=6 V26_STRASSEN_MIN=16 V32_JOIN_SMM=1 V32_ROT_SMM=1 V32_JOIN_POST=3 V32_JP_C=0.1 V21_R_OLD=320 V24_R_OLD2=192 V18_R_FB=2 V24_AGE_OLD2=8 V33_K4Q=3 V33_K4Q_RANK=4 V34_OPT=abcdefgj V33_SAT=-2.5 V35_SAT_ROUND=64 V35_SATC=1 V35_SKIP_JOIN_L2=1 V35_SB_MN=8 V35_CPRE_MN=8 V35_JN_MN=8 V33_WK4M=3 V31_K4D=3 V52_FB_FOLD=1 V56_P4=2 V56_A=1 V56_B=1 V56_LMIN=3 V56_LAST=2 SAVE_OUT=ov56_42.npy
v56e_42	python run_v29w.py 42 v56e est_v29.py V29_WARM_JOIN=1 V29_WARM_FB=1 V17_R_RES=4 V26_STRASSEN=6 V26_STRASSEN_MIN=16 V32_JOIN_SMM=1 V32_ROT_SMM=1 V32_JOIN_POST=3 V32_JP_C=0.1 V21_R_OLD=320 V24_R_OLD2=192 V18_R_FB=2 V24_AGE_OLD2=8 V33_K4Q=3 V33_K4Q_RANK=4 V34_OPT=abcdefgj V33_SAT=-2.5 V35_SAT_ROUND=64 V35_SATC=1 V35_SKIP_JOIN_L2=1 V35_SB_MN=8 V35_CPRE_MN=8 V35_JN_MN=8 V33_WK4M=3 V31_K4D=3 V52_FB_FOLD=1 V56_P4=2 V56_A=1 V56_B=1 V56_LMIN=3 V56_LAST=2 V56_EPS=0.001 SAVE_OUT=ov56e_42.npy
v56_43	python run_v29w.py 43 v56 est_v29.py V29_WARM_JOIN=1 V29_WARM_FB=1 V17_R_RES=4 V26_STRASSEN=6 V26_STRASSEN_MIN=16 V32_JOIN_SMM=1 V32_ROT_SMM=1 V32_JOIN_POST=3 V32_JP_C=0.1 V21_R_OLD=320 V24_R_OLD2=192 V18_R_FB=2 V24_AGE_OLD2=8 V33_K4Q=3 V33_K4Q_RANK=4 V34_OPT=abcdefgj V33_SAT=-2.5 V35_SAT_ROUND=64 V35_SATC=1 V35_SKIP_JOIN_L2=1 V35_SB_MN=8 V35_CPRE_MN=8 V35_JN_MN=8 V33_WK4M=3 V31_K4D=3 V52_FB_FOLD=1 V56_P4=2 V56_A=1 V56_B=1 V56_LMIN=3 V56_LAST=2 SAVE_OUT=ov56_43.npy
v56e_43	python run_v29w.py 43 v56e est_v29.py V29_WARM_JOIN=1 V29_WARM_FB=1 V17_R_RES=4 V26_STRASSEN=6 V26_STRASSEN_MIN=16 V32_JOIN_SMM=1 V32_ROT_SMM=1 V32_JOIN_POST=3 V32_JP_C=0.1 V21_R_OLD=320 V24_R_OLD2=192 V18_R_FB=2 V24_AGE_OLD2=8 V33_K4Q=3 V33_K4Q_RANK=4 V34_OPT=abcdefgj V33_SAT=-2.5 V35_SAT_ROUND=64 V35_SATC=1 V35_SKIP_JOIN_L2=1 V35_SB_MN=8 V35_CPRE_MN=8 V35_JN_MN=8 V33_WK4M=3 V31_K4D=3 V52_FB_FOLD=1 V56_P4=2 V56_A=1 V56_B=1 V56_LMIN=3 V56_LAST=2 V56_EPS=0.001 SAVE_OUT=ov56e_43.npy
v56_44	python run_v29w.py 44 v56 est_v29.py V29_WARM_JOIN=1 V29_WARM_FB=1 V17_R_RES=4 V26_STRASSEN=6 V26_STRASSEN_MIN=16 V32_JOIN_SMM=1 V32_ROT_SMM=1 V32_JOIN_POST=3 V32_JP_C=0.1 V21_R_OLD=320 V24_R_OLD2=192 V18_R_FB=2 V24_AGE_OLD2=8 V33_K4Q=3 V33_K4Q_RANK=4 V34_OPT=abcdefgj V33_SAT=-2.5 V35_SAT_ROUND=64 V35_SATC=1 V35_SKIP_JOIN_L2=1 V35_SB_MN=8 V35_CPRE_MN=8 V35_JN_MN=8 V33_WK4M=3 V31_K4D=3 V52_FB_FOLD=1 V56_P4=2 V56_A=1 V56_B=1 V56_LMIN=3 V56_LAST=2 SAVE_OUT=ov56_44.npy
v56e_44	python run_v29w.py 44 v56e est_v29.py V29_WARM_JOIN=1 V29_WARM_FB=1 V17_R_RES=4 V26_STRASSEN=6 V26_STRASSEN_MIN=16 V32_JOIN_SMM=1 V32_ROT_SMM=1 V32_JOIN_POST=3 V32_JP_C=0.1 V21_R_OLD=320 V24_R_OLD2=192 V18_R_FB=2 V24_AGE_OLD2=8 V33_K4Q=3 V33_K4Q_RANK=4 V34_OPT=abcdefgj V33_SAT=-2.5 V35_SAT_ROUND=64 V35_SATC=1 V35_SKIP_JOIN_L2=1 V35_SB_MN=8 V35_CPRE_MN=8 V35_JN_MN=8 V33_WK4M=3 V31_K4D=3 V52_FB_FOLD=1 V56_P4=2 V56_A=1 V56_B=1 V56_LMIN=3 V56_LAST=2 V56_EPS=0.001 SAVE_OUT=ov56e_44.npy
v56_45	python run_v29w.py 45 v56 est_v29.py V29_WARM_JOIN=1 V29_WARM_FB=1 V17_R_RES=4 V26_STRASSEN=6 V26_STRASSEN_MIN=16 V32_JOIN_SMM=1 V32_ROT_SMM=1 V32_JOIN_POST=3 V32_JP_C=0.1 V21_R_OLD=320 V24_R_OLD2=192 V18_R_FB=2 V24_AGE_OLD2=8 V33_K4Q=3 V33_K4Q_RANK=4 V34_OPT=abcdefgj V33_SAT=-2.5 V35_SAT_ROUND=64 V35_SATC=1 V35_SKIP_JOIN_L2=1 V35_SB_MN=8 V35_CPRE_MN=8 V35_JN_MN=8 V33_WK4M=3 V31_K4D=3 V52_FB_FOLD=1 V56_P4=2 V56_A=1 V56_B=1 V56_LMIN=3 V56_LAST=2 SAVE_OUT=ov56_45.npy
v56e_45	python run_v29w.py 45 v56e est_v29.py V29_WARM_JOIN=1 V29_WARM_FB=1 V17_R_RES=4 V26_STRASSEN=6 V26_STRASSEN_MIN=16 V32_JOIN_SMM=1 V32_ROT_SMM=1 V32_JOIN_POST=3 V32_JP_C=0.1 V21_R_OLD=320 V24_R_OLD2=192 V18_R_FB=2 V24_AGE_OLD2=8 V33_K4Q=3 V33_K4Q_RANK=4 V34_OPT=abcdefgj V33_SAT=-2.5 V35_SAT_ROUND=64 V35_SATC=1 V35_SKIP_JOIN_L2=1 V35_SB_MN=8 V35_CPRE_MN=8 V35_JN_MN=8 V33_WK4M=3 V31_K4D=3 V52_FB_FOLD=1 V56_P4=2 V56_A=1 V56_B=1 V56_LMIN=3 V56_LAST=2 V56_EPS=0.001 SAVE_OUT=ov56e_45.npy
v56_46	python run_v29w.py 46 v56 est_v29.py V29_WARM_JOIN=1 V29_WARM_FB=1 V17_R_RES=4 V26_STRASSEN=6 V26_STRASSEN_MIN=16 V32_JOIN_SMM=1 V32_ROT_SMM=1 V32_JOIN_POST=3 V32_JP_C=0.1 V21_R_OLD=320 V24_R_OLD2=192 V18_R_FB=2 V24_AGE_OLD2=8 V33_K4Q=3 V33_K4Q_RANK=4 V34_OPT=abcdefgj V33_SAT=-2.5 V35_SAT_ROUND=64 V35_SATC=1 V35_SKIP_JOIN_L2=1 V35_SB_MN=8 V35_CPRE_MN=8 V35_JN_MN=8 V33_WK4M=3 V31_K4D=3 V52_FB_FOLD=1 V56_P4=2 V56_A=1 V56_B=1 V56_LMIN=3 V56_LAST=2 SAVE_OUT=ov56_46.npy
v56e_46	python run_v29w.py 46 v56e est_v29.py V29_WARM_JOIN=1 V29_WARM_FB=1 V17_R_RES=4 V26_STRASSEN=6 V26_STRASSEN_MIN=16 V32_JOIN_SMM=1 V32_ROT_SMM=1 V32_JOIN_POST=3 V32_JP_C=0.1 V21_R_OLD=320 V24_R_OLD2=192 V18_R_FB=2 V24_AGE_OLD2=8 V33_K4Q=3 V33_K4Q_RANK=4 V34_OPT=abcdefgj V33_SAT=-2.5 V35_SAT_ROUND=64 V35_SATC=1 V35_SKIP_JOIN_L2=1 V35_SB_MN=8 V35_CPRE_MN=8 V35_JN_MN=8 V33_WK4M=3 V31_K4D=3 V52_FB_FOLD=1 V56_P4=2 V56_A=1 V56_B=1 V56_LMIN=3 V56_LAST=2 V56_EPS=0.001 SAVE_OUT=ov56e_46.npy
v56_47	python run_v29w.py 47 v56 est_v29.py V29_WARM_JOIN=1 V29_WARM_FB=1 V17_R_RES=4 V26_STRASSEN=6 V26_STRASSEN_MIN=16 V32_JOIN_SMM=1 V32_ROT_SMM=1 V32_JOIN_POST=3 V32_JP_C=0.1 V21_R_OLD=320 V24_R_OLD2=192 V18_R_FB=2 V24_AGE_OLD2=8 V33_K4Q=3 V33_K4Q_RANK=4 V34_OPT=abcdefgj V33_SAT=-2.5 V35_SAT_ROUND=64 V35_SATC=1 V35_SKIP_JOIN_L2=1 V35_SB_MN=8 V35_CPRE_MN=8 V35_JN_MN=8 V33_WK4M=3 V31_K4D=3 V52_FB_FOLD=1 V56_P4=2 V56_A=1 V56_B=1 V56_LMIN=3 V56_LAST=2 SAVE_OUT=ov56_47.npy
v56e_47	python run_v29w.py 47 v56e est_v29.py V29_WARM_JOIN=1 V29_WARM_FB=1 V17_R_RES=4 V26_STRASSEN=6 V26_STRASSEN_MIN=16 V32_JOIN_SMM=1 V32_ROT_SMM=1 V32_JOIN_POST=3 V32_JP_C=0.1 V21_R_OLD=320 V24_R_OLD2=192 V18_R_FB=2 V24_AGE_OLD2=8 V33_K4Q=3 V33_K4Q_RANK=4 V34_OPT=abcdefgj V33_SAT=-2.5 V35_SAT_ROUND=64 V35_SATC=1 V35_SKIP_JOIN_L2=1 V35_SB_MN=8 V35_CPRE_MN=8 V35_JN_MN=8 V33_WK4M=3 V31_K4D=3 V52_FB_FOLD=1 V56_P4=2 V56_A=1 V56_B=1 V56_LMIN=3 V56_LAST=2 V56_EPS=0.001 SAVE_OUT=ov56e_47.npy
v56_48	python run_v29w.py 48 v56 est_v29.py V29_WARM_JOIN=1 V29_WARM_FB=1 V17_R_RES=4 V26_STRASSEN=6 V26_STRASSEN_MIN=16 V32_JOIN_SMM=1 V32_ROT_SMM=1 V32_JOIN_POST=3 V32_JP_C=0.1 V21_R_OLD=320 V24_R_OLD2=192 V18_R_FB=2 V24_AGE_OLD2=8 V33_K4Q=3 V33_K4Q_RANK=4 V34_OPT=abcdefgj V33_SAT=-2.5 V35_SAT_ROUND=64 V35_SATC=1 V35_SKIP_JOIN_L2=1 V35_SB_MN=8 V35_CPRE_MN=8 V35_JN_MN=8 V33_WK4M=3 V31_K4D=3 V52_FB_FOLD=1 V56_P4=2 V56_A=1 V56_B=1 V56_LMIN=3 V56_LAST=2 SAVE_OUT=ov56_48.npy
v56e_48	python run_v29w.py 48 v56e est_v29.py V29_WARM_JOIN=1 V29_WARM_FB=1 V17_R_RES=4 V26_STRASSEN=6 V26_STRASSEN_MIN=16 V32_JOIN_SMM=1 V32_ROT_SMM=1 V32_JOIN_POST=3 V32_JP_C=0.1 V21_R_OLD=320 V24_R_OLD2=192 V18_R_FB=2 V24_AGE_OLD2=8 V33_K4Q=3 V33_K4Q_RANK=4 V34_OPT=abcdefgj V33_SAT=-2.5 V35_SAT_ROUND=64 V35_SATC=1 V35_SKIP_JOIN_L2=1 V35_SB_MN=8 V35_CPRE_MN=8 V35_JN_MN=8 V33_WK4M=3 V31_K4D=3 V52_FB_FOLD=1 V56_P4=2 V56_A=1 V56_B=1 V56_LMIN=3 V56_LAST=2 V56_EPS=0.001 SAVE_OUT=ov56e_48.npy
v56_49	python run_v29w.py 49 v56 est_v29.py V29_WARM_JOIN=1 V29_WARM_FB=1 V17_R_RES=4 V26_STRASSEN=6 V26_STRASSEN_MIN=16 V32_JOIN_SMM=1 V32_ROT_SMM=1 V32_JOIN_POST=3 V32_JP_C=0.1 V21_R_OLD=320 V24_R_OLD2=192 V18_R_FB=2 V24_AGE_OLD2=8 V33_K4Q=3 V33_K4Q_RANK=4 V34_OPT=abcdefgj V33_SAT=-2.5 V35_SAT_ROUND=64 V35_SATC=1 V35_SKIP_JOIN_L2=1 V35_SB_MN=8 V35_CPRE_MN=8 V35_JN_MN=8 V33_WK4M=3 V31_K4D=3 V52_FB_FOLD=1 V56_P4=2 V56_A=1 V56_B=1 V56_LMIN=3 V56_LAST=2 SAVE_OUT=ov56_49.npy
v56e_49	python run_v29w.py 49 v56e est_v29.py V29_WARM_JOIN=1 V29_WARM_FB=1 V17_R_RES=4 V26_STRASSEN=6 V26_STRASSEN_MIN=16 V32_JOIN_SMM=1 V32_ROT_SMM=1 V32_JOIN_POST=3 V32_JP_C=0.1 V21_R_OLD=320 V24_R_OLD2=192 V18_R_FB=2 V24_AGE_OLD2=8 V33_K4Q=3 V33_K4Q_RANK=4 V34_OPT=abcdefgj V33_SAT=-2.5 V35_SAT_ROUND=64 V35_SATC=1 V35_SKIP_JOIN_L2=1 V35_SB_MN=8 V35_CPRE_MN=8 V35_JN_MN=8 V33_WK4M=3 V31_K4D=3 V52_FB_FOLD=1 V56_P4=2 V56_A=1 V56_B=1 V56_LMIN=3 V56_LAST=2 V56_EPS=0.001 SAVE_OUT=ov56e_49.npy
v56_50	python run_v29w.py 50 v56 est_v29.py V29_WARM_JOIN=1 V29_WARM_FB=1 V17_R_RES=4 V26_STRASSEN=6 V26_STRASSEN_MIN=16 V32_JOIN_SMM=1 V32_ROT_SMM=1 V32_JOIN_POST=3 V32_JP_C=0.1 V21_R_OLD=320 V24_R_OLD2=192 V18_R_FB=2 V24_AGE_OLD2=8 V33_K4Q=3 V33_K4Q_RANK=4 V34_OPT=abcdefgj V33_SAT=-2.5 V35_SAT_ROUND=64 V35_SATC=1 V35_SKIP_JOIN_L2=1 V35_SB_MN=8 V35_CPRE_MN=8 V35_JN_MN=8 V33_WK4M=3 V31_K4D=3 V52_FB_FOLD=1 V56_P4=2 V56_A=1 V56_B=1 V56_LMIN=3 V56_LAST=2 SAVE_OUT=ov56_50.npy
v56e_50	python run_v29w.py 50 v56e est_v29.py V29_WARM_JOIN=1 V29_WARM_FB=1 V17_R_RES=4 V26_STRASSEN=6 V26_STRASSEN_MIN=16 V32_JOIN_SMM=1 V32_ROT_SMM=1 V32_JOIN_POST=3 V32_JP_C=0.1 V21_R_OLD=320 V24_R_OLD2=192 V18_R_FB=2 V24_AGE_OLD2=8 V33_K4Q=3 V33_K4Q_RANK=4 V34_OPT=abcdefgj V33_SAT=-2.5 V35_SAT_ROUND=64 V35_SATC=1 V35_SKIP_JOIN_L2=1 V35_SB_MN=8 V35_CPRE_MN=8 V35_JN_MN=8 V33_WK4M=3 V31_K4D=3 V52_FB_FOLD=1 V56_P4=2 V56_A=1 V56_B=1 V56_LMIN=3 V56_LAST=2 V56_EPS=0.001 SAVE_OUT=ov56e_50.npy
v56_51	python run_v29w.py 51 v56 est_v29.py V29_WARM_JOIN=1 V29_WARM_FB=1 V17_R_RES=4 V26_STRASSEN=6 V26_STRASSEN_MIN=16 V32_JOIN_SMM=1 V32_ROT_SMM=1 V32_JOIN_POST=3 V32_JP_C=0.1 V21_R_OLD=320 V24_R_OLD2=192 V18_R_FB=2 V24_AGE_OLD2=8 V33_K4Q=3 V33_K4Q_RANK=4 V34_OPT=abcdefgj V33_SAT=-2.5 V35_SAT_ROUND=64 V35_SATC=1 V35_SKIP_JOIN_L2=1 V35_SB_MN=8 V35_CPRE_MN=8 V35_JN_MN=8 V33_WK4M=3 V31_K4D=3 V52_FB_FOLD=1 V56_P4=2 V56_A=1 V56_B=1 V56_LMIN=3 V56_LAST=2 SAVE_OUT=ov56_51.npy
v56e_51	python run_v29w.py 51 v56e est_v29.py V29_WARM_JOIN=1 V29_WARM_FB=1 V17_R_RES=4 V26_STRASSEN=6 V26_STRASSEN_MIN=16 V32_JOIN_SMM=1 V32_ROT_SMM=1 V32_JOIN_POST=3 V32_JP_C=0.1 V21_R_OLD=320 V24_R_OLD2=192 V18_R_FB=2 V24_AGE_OLD2=8 V33_K4Q=3 V33_K4Q_RANK=4 V34_OPT=abcdefgj V33_SAT=-2.5 V35_SAT_ROUND=64 V35_SATC=1 V35_SKIP_JOIN_L2=1 V35_SB_MN=8 V35_CPRE_MN=8 V35_JN_MN=8 V33_WK4M=3 V31_K4D=3 V52_FB_FOLD=1 V56_P4=2 V56_A=1 V56_B=1 V56_LMIN=3 V56_LAST=2 V56_EPS=0.001 SAVE_OUT=ov56e_51.npy
v56_52	python run_v29w.py 52 v56 est_v29.py V29_WARM_JOIN=1 V29_WARM_FB=1 V17_R_RES=4 V26_STRASSEN=6 V26_STRASSEN_MIN=16 V32_JOIN_SMM=1 V32_ROT_SMM=1 V32_JOIN_POST=3 V32_JP_C=0.1 V21_R_OLD=320 V24_R_OLD2=192 V18_R_FB=2 V24_AGE_OLD2=8 V33_K4Q=3 V33_K4Q_RANK=4 V34_OPT=abcdefgj V33_SAT=-2.5 V35_SAT_ROUND=64 V35_SATC=1 V35_SKIP_JOIN_L2=1 V35_SB_MN=8 V35_CPRE_MN=8 V35_JN_MN=8 V33_WK4M=3 V31_K4D=3 V52_FB_FOLD=1 V56_P4=2 V56_A=1 V56_B=1 V56_LMIN=3 V56_LAST=2 SAVE_OUT=ov56_52.npy
v56e_52	python run_v29w.py 52 v56e est_v29.py V29_WARM_JOIN=1 V29_WARM_FB=1 V17_R_RES=4 V26_STRASSEN=6 V26_STRASSEN_MIN=16 V32_JOIN_SMM=1 V32_ROT_SMM=1 V32_JOIN_POST=3 V32_JP_C=0.1 V21_R_OLD=320 V24_R_OLD2=192 V18_R_FB=2 V24_AGE_OLD2=8 V33_K4Q=3 V33_K4Q_RANK=4 V34_OPT=abcdefgj V33_SAT=-2.5 V35_SAT_ROUND=64 V35_SATC=1 V35_SKIP_JOIN_L2=1 V35_SB_MN=8 V35_CPRE_MN=8 V35_JN_MN=8 V33_WK4M=3 V31_K4D=3 V52_FB_FOLD=1 V56_P4=2 V56_A=1 V56_B=1 V56_LMIN=3 V56_LAST=2 V56_EPS=0.001 SAVE_OUT=ov56e_52.npy
v56_53	python run_v29w.py 53 v56 est_v29.py V29_WARM_JOIN=1 V29_WARM_FB=1 V17_R_RES=4 V26_STRASSEN=6 V26_STRASSEN_MIN=16 V32_JOIN_SMM=1 V32_ROT_SMM=1 V32_JOIN_POST=3 V32_JP_C=0.1 V21_R_OLD=320 V24_R_OLD2=192 V18_R_FB=2 V24_AGE_OLD2=8 V33_K4Q=3 V33_K4Q_RANK=4 V34_OPT=abcdefgj V33_SAT=-2.5 V35_SAT_ROUND=64 V35_SATC=1 V35_SKIP_JOIN_L2=1 V35_SB_MN=8 V35_CPRE_MN=8 V35_JN_MN=8 V33_WK4M=3 V31_K4D=3 V52_FB_FOLD=1 V56_P4=2 V56_A=1 V56_B=1 V56_LMIN=3 V56_LAST=2 SAVE_OUT=ov56_53.npy
v56e_53	python run_v29w.py 53 v56e est_v29.py V29_WARM_JOIN=1 V29_WARM_FB=1 V17_R_RES=4 V26_STRASSEN=6 V26_STRASSEN_MIN=16 V32_JOIN_SMM=1 V32_ROT_SMM=1 V32_JOIN_POST=3 V32_JP_C=0.1 V21_R_OLD=320 V24_R_OLD2=192 V18_R_FB=2 V24_AGE_OLD2=8 V33_K4Q=3 V33_K4Q_RANK=4 V34_OPT=abcdefgj V33_SAT=-2.5 V35_SAT_ROUND=64 V35_SATC=1 V35_SKIP_JOIN_L2=1 V35_SB_MN=8 V35_CPRE_MN=8 V35_JN_MN=8 V33_WK4M=3 V31_K4D=3 V52_FB_FOLD=1 V56_P4=2 V56_A=1 V56_B=1 V56_LMIN=3 V56_LAST=2 V56_EPS=0.001 SAVE_OUT=ov56e_53.npy
v56_54	python run_v29w.py 54 v56 est_v29.py V29_WARM_JOIN=1 V29_WARM_FB=1 V17_R_RES=4 V26_STRASSEN=6 V26_STRASSEN_MIN=16 V32_JOIN_SMM=1 V32_ROT_SMM=1 V32_JOIN_POST=3 V32_JP_C=0.1 V21_R_OLD=320 V24_R_OLD2=192 V18_R_FB=2 V24_AGE_OLD2=8 V33_K4Q=3 V33_K4Q_RANK=4 V34_OPT=abcdefgj V33_SAT=-2.5 V35_SAT_ROUND=64 V35_SATC=1 V35_SKIP_JOIN_L2=1 V35_SB_MN=8 V35_CPRE_MN=8 V35_JN_MN=8 V33_WK4M=3 V31_K4D=3 V52_FB_FOLD=1 V56_P4=2 V56_A=1 V56_B=1 V56_LMIN=3 V56_LAST=2 SAVE_OUT=ov56_54.npy
v56e_54	python run_v29w.py 54 v56e est_v29.py V29_WARM_JOIN=1 V29_WARM_FB=1 V17_R_RES=4 V26_STRASSEN=6 V26_STRASSEN_MIN=16 V32_JOIN_SMM=1 V32_ROT_SMM=1 V32_JOIN_POST=3 V32_JP_C=0.1 V21_R_OLD=320 V24_R_OLD2=192 V18_R_FB=2 V24_AGE_OLD2=8 V33_K4Q=3 V33_K4Q_RANK=4 V34_OPT=abcdefgj V33_SAT=-2.5 V35_SAT_ROUND=64 V35_SATC=1 V35_SKIP_JOIN_L2=1 V35_SB_MN=8 V35_CPRE_MN=8 V35_JN_MN=8 V33_WK4M=3 V31_K4D=3 V52_FB_FOLD=1 V56_P4=2 V56_A=1 V56_B=1 V56_LMIN=3 V56_LAST=2 V56_EPS=0.001 SAVE_OUT=ov56e_54.npy
v56_55	python run_v29w.py 55 v56 est_v29.py V29_WARM_JOIN=1 V29_WARM_FB=1 V17_R_RES=4 V26_STRASSEN=6 V26_STRASSEN_MIN=16 V32_JOIN_SMM=1 V32_ROT_SMM=1 V32_JOIN_POST=3 V32_JP_C=0.1 V21_R_OLD=320 V24_R_OLD2=192 V18_R_FB=2 V24_AGE_OLD2=8 V33_K4Q=3 V33_K4Q_RANK=4 V34_OPT=abcdefgj V33_SAT=-2.5 V35_SAT_ROUND=64 V35_SATC=1 V35_SKIP_JOIN_L2=1 V35_SB_MN=8 V35_CPRE_MN=8 V35_JN_MN=8 V33_WK4M=3 V31_K4D=3 V52_FB_FOLD=1 V56_P4=2 V56_A=1 V56_B=1 V56_LMIN=3 V56_LAST=2 SAVE_OUT=ov56_55.npy
v56e_55	python run_v29w.py 55 v56e est_v29.py V29_WARM_JOIN=1 V29_WARM_FB=1 V17_R_RES=4 V26_STRASSEN=6 V26_STRASSEN_MIN=16 V32_JOIN_SMM=1 V32_ROT_SMM=1 V32_JOIN_POST=3 V32_JP_C=0.1 V21_R_OLD=320 V24_R_OLD2=192 V18_R_FB=2 V24_AGE_OLD2=8 V33_K4Q=3 V33_K4Q_RANK=4 V34_OPT=abcdefgj V33_SAT=-2.5 V35_SAT_ROUND=64 V35_SATC=1 V35_SKIP_JOIN_L2=1 V35_SB_MN=8 V35_CPRE_MN=8 V35_JN_MN=8 V33_WK4M=3 V31_K4D=3 V52_FB_FOLD=1 V56_P4=2 V56_A=1 V56_B=1 V56_LMIN=3 V56_LAST=2 V56_EPS=0.001 SAVE_OUT=ov56e_55.npy
v56_56	python run_v29w.py 56 v56 est_v29.py V29_WARM_JOIN=1 V29_WARM_FB=1 V17_R_RES=4 V26_STRASSEN=6 V26_STRASSEN_MIN=16 V32_JOIN_SMM=1 V32_ROT_SMM=1 V32_JOIN_POST=3 V32_JP_C=0.1 V21_R_OLD=320 V24_R_OLD2=192 V18_R_FB=2 V24_AGE_OLD2=8 V33_K4Q=3 V33_K4Q_RANK=4 V34_OPT=abcdefgj V33_SAT=-2.5 V35_SAT_ROUND=64 V35_SATC=1 V35_SKIP_JOIN_L2=1 V35_SB_MN=8 V35_CPRE_MN=8 V35_JN_MN=8 V33_WK4M=3 V31_K4D=3 V52_FB_FOLD=1 V56_P4=2 V56_A=1 V56_B=1 V56_LMIN=3 V56_LAST=2 SAVE_OUT=ov56_56.npy
v56e_56	python run_v29w.py 56 v56e est_v29.py V29_WARM_JOIN=1 V29_WARM_FB=1 V17_R_RES=4 V26_STRASSEN=6 V26_STRASSEN_MIN=16 V32_JOIN_SMM=1 V32_ROT_SMM=1 V32_JOIN_POST=3 V32_JP_C=0.1 V21_R_OLD=320 V24_R_OLD2=192 V18_R_FB=2 V24_AGE_OLD2=8 V33_K4Q=3 V33_K4Q_RANK=4 V34_OPT=abcdefgj V33_SAT=-2.5 V35_SAT_ROUND=64 V35_SATC=1 V35_SKIP_JOIN_L2=1 V35_SB_MN=8 V35_CPRE_MN=8 V35_JN_MN=8 V33_WK4M=3 V31_K4D=3 V52_FB_FOLD=1 V56_P4=2 V56_A=1 V56_B=1 V56_LMIN=3 V56_LAST=2 V56_EPS=0.001 SAVE_OUT=ov56e_56.npy
v56_57	python run_v29w.py 57 v56 est_v29.py V29_WARM_JOIN=1 V29_WARM_FB=1 V17_R_RES=4 V26_STRASSEN=6 V26_STRASSEN_MIN=16 V32_JOIN_SMM=1 V32_ROT_SMM=1 V32_JOIN_POST=3 V32_JP_C=0.1 V21_R_OLD=320 V24_R_OLD2=192 V18_R_FB=2 V24_AGE_OLD2=8 V33_K4Q=3 V33_K4Q_RANK=4 V34_OPT=abcdefgj V33_SAT=-2.5 V35_SAT_ROUND=64 V35_SATC=1 V35_SKIP_JOIN_L2=1 V35_SB_MN=8 V35_CPRE_MN=8 V35_JN_MN=8 V33_WK4M=3 V31_K4D=3 V52_FB_FOLD=1 V56_P4=2 V56_A=1 V56_B=1 V56_LMIN=3 V56_LAST=2 SAVE_OUT=ov56_57.npy
v56e_57	python run_v29w.py 57 v56e est_v29.py V29_WARM_JOIN=1 V29_WARM_FB=1 V17_R_RES=4 V26_STRASSEN=6 V26_STRASSEN_MIN=16 V32_JOIN_SMM=1 V32_ROT_SMM=1 V32_JOIN_POST=3 V32_JP_C=0.1 V21_R_OLD=320 V24_R_OLD2=192 V18_R_FB=2 V24_AGE_OLD2=8 V33_K4Q=3 V33_K4Q_RANK=4 V34_OPT=abcdefgj V33_SAT=-2.5 V35_SAT_ROUND=64 V35_SATC=1 V35_SKIP_JOIN_L2=1 V35_SB_MN=8 V35_CPRE_MN=8 V35_JN_MN=8 V33_WK4M=3 V31_K4D=3 V52_FB_FOLD=1 V56_P4=2 V56_A=1 V56_B=1 V56_LMIN=3 V56_LAST=2 V56_EPS=0.001 SAVE_OUT=ov56e_57.npy
v56_58	python run_v29w.py 58 v56 est_v29.py V29_WARM_JOIN=1 V29_WARM_FB=1 V17_R_RES=4 V26_STRASSEN=6 V26_STRASSEN_MIN=16 V32_JOIN_SMM=1 V32_ROT_SMM=1 V32_JOIN_POST=3 V32_JP_C=0.1 V21_R_OLD=320 V24_R_OLD2=192 V18_R_FB=2 V24_AGE_OLD2=8 V33_K4Q=3 V33_K4Q_RANK=4 V34_OPT=abcdefgj V33_SAT=-2.5 V35_SAT_ROUND=64 V35_SATC=1 V35_SKIP_JOIN_L2=1 V35_SB_MN=8 V35_CPRE_MN=8 V35_JN_MN=8 V33_WK4M=3 V31_K4D=3 V52_FB_FOLD=1 V56_P4=2 V56_A=1 V56_B=1 V56_LMIN=3 V56_LAST=2 SAVE_OUT=ov56_58.npy
v56e_58	python run_v29w.py 58 v56e est_v29.py V29_WARM_JOIN=1 V29_WARM_FB=1 V17_R_RES=4 V26_STRASSEN=6 V26_STRASSEN_MIN=16 V32_JOIN_SMM=1 V32_ROT_SMM=1 V32_JOIN_POST=3 V32_JP_C=0.1 V21_R_OLD=320 V24_R_OLD2=192 V18_R_FB=2 V24_AGE_OLD2=8 V33_K4Q=3 V33_K4Q_RANK=4 V34_OPT=abcdefgj V33_SAT=-2.5 V35_SAT_ROUND=64 V35_SATC=1 V35_SKIP_JOIN_L2=1 V35_SB_MN=8 V35_CPRE_MN=8 V35_JN_MN=8 V33_WK4M=3 V31_K4D=3 V52_FB_FOLD=1 V56_P4=2 V56_A=1 V56_B=1 V56_LMIN=3 V56_LAST=2 V56_EPS=0.001 SAVE_OUT=ov56e_58.npy
v56_59	python run_v29w.py 59 v56 est_v29.py V29_WARM_JOIN=1 V29_WARM_FB=1 V17_R_RES=4 V26_STRASSEN=6 V26_STRASSEN_MIN=16 V32_JOIN_SMM=1 V32_ROT_SMM=1 V32_JOIN_POST=3 V32_JP_C=0.1 V21_R_OLD=320 V24_R_OLD2=192 V18_R_FB=2 V24_AGE_OLD2=8 V33_K4Q=3 V33_K4Q_RANK=4 V34_OPT=abcdefgj V33_SAT=-2.5 V35_SAT_ROUND=64 V35_SATC=1 V35_SKIP_JOIN_L2=1 V35_SB_MN=8 V35_CPRE_MN=8 V35_JN_MN=8 V33_WK4M=3 V31_K4D=3 V52_FB_FOLD=1 V56_P4=2 V56_A=1 V56_B=1 V56_LMIN=3 V56_LAST=2 SAVE_OUT=ov56_59.npy
v56e_59	python run_v29w.py 59 v56e est_v29.py V29_WARM_JOIN=1 V29_WARM_FB=1 V17_R_RES=4 V26_STRASSEN=6 V26_STRASSEN_MIN=16 V32_JOIN_SMM=1 V32_ROT_SMM=1 V32_JOIN_POST=3 V32_JP_C=0.1 V21_R_OLD=320 V24_R_OLD2=192 V18_R_FB=2 V24_AGE_OLD2=8 V33_K4Q=3 V33_K4Q_RANK=4 V34_OPT=abcdefgj V33_SAT=-2.5 V35_SAT_ROUND=64 V35_SATC=1 V35_SKIP_JOIN_L2=1 V35_SB_MN=8 V35_CPRE_MN=8 V35_JN_MN=8 V33_WK4M=3 V31_K4D=3 V52_FB_FOLD=1 V56_P4=2 V56_A=1 V56_B=1 V56_LMIN=3 V56_LAST=2 V56_EPS=0.001 SAVE_OUT=ov56e_59.npy
v56_60	python run_v29w.py 60 v56 est_v29.py V29_WARM_JOIN=1 V29_WARM_FB=1 V17_R_RES=4 V26_STRASSEN=6 V26_STRASSEN_MIN=16 V32_JOIN_SMM=1 V32_ROT_SMM=1 V32_JOIN_POST=3 V32_JP_C=0.1 V21_R_OLD=320 V24_R_OLD2=192 V18_R_FB=2 V24_AGE_OLD2=8 V33_K4Q=3 V33_K4Q_RANK=4 V34_OPT=abcdefgj V33_SAT=-2.5 V35_SAT_ROUND=64 V35_SATC=1 V35_SKIP_JOIN_L2=1 V35_SB_MN=8 V35_CPRE_MN=8 V35_JN_MN=8 V33_WK4M=3 V31_K4D=3 V52_FB_FOLD=1 V56_P4=2 V56_A=1 V56_B=1 V56_LMIN=3 V56_LAST=2 SAVE_OUT=ov56_60.npy
v56e_60	python run_v29w.py 60 v56e est_v29.py V29_WARM_JOIN=1 V29_WARM_FB=1 V17_R_RES=4 V26_STRASSEN=6 V26_STRASSEN_MIN=16 V32_JOIN_SMM=1 V32_ROT_SMM=1 V32_JOIN_POST=3 V32_JP_C=0.1 V21_R_OLD=320 V24_R_OLD2=192 V18_R_FB=2 V24_AGE_OLD2=8 V33_K4Q=3 V33_K4Q_RANK=4 V34_OPT=abcdefgj V33_SAT=-2.5 V35_SAT_ROUND=64 V35_SATC=1 V35_SKIP_JOIN_L2=1 V35_SB_MN=8 V35_CPRE_MN=8 V35_JN_MN=8 V33_WK4M=3 V31_K4D=3 V52_FB_FOLD=1 V56_P4=2 V56_A=1 V56_B=1 V56_LMIN=3 V56_LAST=2 V56_EPS=0.001 SAVE_OUT=ov56e_60.npy
v56_61	python run_v29w.py 61 v56 est_v29.py V29_WARM_JOIN=1 V29_WARM_FB=1 V17_R_RES=4 V26_STRASSEN=6 V26_STRASSEN_MIN=16 V32_JOIN_SMM=1 V32_ROT_SMM=1 V32_JOIN_POST=3 V32_JP_C=0.1 V21_R_OLD=320 V24_R_OLD2=192 V18_R_FB=2 V24_AGE_OLD2=8 V33_K4Q=3 V33_K4Q_RANK=4 V34_OPT=abcdefgj V33_SAT=-2.5 V35_SAT_ROUND=64 V35_SATC=1 V35_SKIP_JOIN_L2=1 V35_SB_MN=8 V35_CPRE_MN=8 V35_JN_MN=8 V33_WK4M=3 V31_K4D=3 V52_FB_FOLD=1 V56_P4=2 V56_A=1 V56_B=1 V56_LMIN=3 V56_LAST=2 SAVE_OUT=ov56_61.npy
v56e_61	python run_v29w.py 61 v56e est_v29.py V29_WARM_JOIN=1 V29_WARM_FB=1 V17_R_RES=4 V26_STRASSEN=6 V26_STRASSEN_MIN=16 V32_JOIN_SMM=1 V32_ROT_SMM=1 V32_JOIN_POST=3 V32_JP_C=0.1 V21_R_OLD=320 V24_R_OLD2=192 V18_R_FB=2 V24_AGE_OLD2=8 V33_K4Q=3 V33_K4Q_RANK=4 V34_OPT=abcdefgj V33_SAT=-2.5 V35_SAT_ROUND=64 V35_SATC=1 V35_SKIP_JOIN_L2=1 V35_SB_MN=8 V35_CPRE_MN=8 V35_JN_MN=8 V33_WK4M=3 V31_K4D=3 V52_FB_FOLD=1 V56_P4=2 V56_A=1 V56_B=1 V56_LMIN=3 V56_LAST=2 V56_EPS=0.001 SAVE_OUT=ov56e_61.npy
v56_62	python run_v29w.py 62 v56 est_v29.py V29_WARM_JOIN=1 V29_WARM_FB=1 V17_R_RES=4 V26_STRASSEN=6 V26_STRASSEN_MIN=16 V32_JOIN_SMM=1 V32_ROT_SMM=1 V32_JOIN_POST=3 V32_JP_C=0.1 V21_R_OLD=320 V24_R_OLD2=192 V18_R_FB=2 V24_AGE_OLD2=8 V33_K4Q=3 V33_K4Q_RANK=4 V34_OPT=abcdefgj V33_SAT=-2.5 V35_SAT_ROUND=64 V35_SATC=1 V35_SKIP_JOIN_L2=1 V35_SB_MN=8 V35_CPRE_MN=8 V35_JN_MN=8 V33_WK4M=3 V31_K4D=3 V52_FB_FOLD=1 V56_P4=2 V56_A=1 V56_B=1 V56_LMIN=3 V56_LAST=2 SAVE_OUT=ov56_62.npy
v56e_62	python run_v29w.py 62 v56e est_v29.py V29_WARM_JOIN=1 V29_WARM_FB=1 V17_R_RES=4 V26_STRASSEN=6 V26_STRASSEN_MIN=16 V32_JOIN_SMM=1 V32_ROT_SMM=1 V32_JOIN_POST=3 V32_JP_C=0.1 V21_R_OLD=320 V24_R_OLD2=192 V18_R_FB=2 V24_AGE_OLD2=8 V33_K4Q=3 V33_K4Q_RANK=4 V34_OPT=abcdefgj V33_SAT=-2.5 V35_SAT_ROUND=64 V35_SATC=1 V35_SKIP_JOIN_L2=1 V35_SB_MN=8 V35_CPRE_MN=8 V35_JN_MN=8 V33_WK4M=3 V31_K4D=3 V52_FB_FOLD=1 V56_P4=2 V56_A=1 V56_B=1 V56_LMIN=3 V56_LAST=2 V56_EPS=0.001 SAVE_OUT=ov56e_62.npy
v56_63	python run_v29w.py 63 v56 est_v29.py V29_WARM_JOIN=1 V29_WARM_FB=1 V17_R_RES=4 V26_STRASSEN=6 V26_STRASSEN_MIN=16 V32_JOIN_SMM=1 V32_ROT_SMM=1 V32_JOIN_POST=3 V32_JP_C=0.1 V21_R_OLD=320 V24_R_OLD2=192 V18_R_FB=2 V24_AGE_OLD2=8 V33_K4Q=3 V33_K4Q_RANK=4 V34_OPT=abcdefgj V33_SAT=-2.5 V35_SAT_ROUND=64 V35_SATC=1 V35_SKIP_JOIN_L2=1 V35_SB_MN=8 V35_CPRE_MN=8 V35_JN_MN=8 V33_WK4M=3 V31_K4D=3 V52_FB_FOLD=1 V56_P4=2 V56_A=1 V56_B=1 V56_LMIN=3 V56_LAST=2 SAVE_OUT=ov56_63.npy
v56e_63	python run_v29w.py 63 v56e est_v29.py V29_WARM_JOIN=1 V29_WARM_FB=1 V17_R_RES=4 V26_STRASSEN=6 V26_STRASSEN_MIN=16 V32_JOIN_SMM=1 V32_ROT_SMM=1 V32_JOIN_POST=3 V32_JP_C=0.1 V21_R_OLD=320 V24_R_OLD2=192 V18_R_FB=2 V24_AGE_OLD2=8 V33_K4Q=3 V33_K4Q_RANK=4 V34_OPT=abcdefgj V33_SAT=-2.5 V35_SAT_ROUND=64 V35_SATC=1 V35_SKIP_JOIN_L2=1 V35_SB_MN=8 V35_CPRE_MN=8 V35_JN_MN=8 V33_WK4M=3 V31_K4D=3 V52_FB_FOLD=1 V56_P4=2 V56_A=1 V56_B=1 V56_LMIN=3 V56_LAST=2 V56_EPS=0.001 SAVE_OUT=ov56e_63.npy
v56_64	python run_v29w.py 64 v56 est_v29.py V29_WARM_JOIN=1 V29_WARM_FB=1 V17_R_RES=4 V26_STRASSEN=6 V26_STRASSEN_MIN=16 V32_JOIN_SMM=1 V32_ROT_SMM=1 V32_JOIN_POST=3 V32_JP_C=0.1 V21_R_OLD=320 V24_R_OLD2=192 V18_R_FB=2 V24_AGE_OLD2=8 V33_K4Q=3 V33_K4Q_RANK=4 V34_OPT=abcdefgj V33_SAT=-2.5 V35_SAT_ROUND=64 V35_SATC=1 V35_SKIP_JOIN_L2=1 V35_SB_MN=8 V35_CPRE_MN=8 V35_JN_MN=8 V33_WK4M=3 V31_K4D=3 V52_FB_FOLD=1 V56_P4=2 V56_A=1 V56_B=1 V56_LMIN=3 V56_LAST=2 SAVE_OUT=ov56_64.npy
v56e_64	python run_v29w.py 64 v56e est_v29.py V29_WARM_JOIN=1 V29_WARM_FB=1 V17_R_RES=4 V26_STRASSEN=6 V26_STRASSEN_MIN=16 V32_JOIN_SMM=1 V32_ROT_SMM=1 V32_JOIN_POST=3 V32_JP_C=0.1 V21_R_OLD=320 V24_R_OLD2=192 V18_R_FB=2 V24_AGE_OLD2=8 V33_K4Q=3 V33_K4Q_RANK=4 V34_OPT=abcdefgj V33_SAT=-2.5 V35_SAT_ROUND=64 V35_SATC=1 V35_SKIP_JOIN_L2=1 V35_SB_MN=8 V35_CPRE_MN=8 V35_JN_MN=8 V33_WK4M=3 V31_K4D=3 V52_FB_FOLD=1 V56_P4=2 V56_A=1 V56_B=1 V56_LMIN=3 V56_LAST=2 V56_EPS=0.001 SAVE_OUT=ov56e_64.npy
v56_65	python run_v29w.py 65 v56 est_v29.py V29_WARM_JOIN=1 V29_WARM_FB=1 V17_R_RES=4 V26_STRASSEN=6 V26_STRASSEN_MIN=16 V32_JOIN_SMM=1 V32_ROT_SMM=1 V32_JOIN_POST=3 V32_JP_C=0.1 V21_R_OLD=320 V24_R_OLD2=192 V18_R_FB=2 V24_AGE_OLD2=8 V33_K4Q=3 V33_K4Q_RANK=4 V34_OPT=abcdefgj V33_SAT=-2.5 V35_SAT_ROUND=64 V35_SATC=1 V35_SKIP_JOIN_L2=1 V35_SB_MN=8 V35_CPRE_MN=8 V35_JN_MN=8 V33_WK4M=3 V31_K4D=3 V52_FB_FOLD=1 V56_P4=2 V56_A=1 V56_B=1 V56_LMIN=3 V56_LAST=2 SAVE_OUT=ov56_65.npy
v56e_65	python run_v29w.py 65 v56e est_v29.py V29_WARM_JOIN=1 V29_WARM_FB=1 V17_R_RES=4 V26_STRASSEN=6 V26_STRASSEN_MIN=16 V32_JOIN_SMM=1 V32_ROT_SMM=1 V32_JOIN_POST=3 V32_JP_C=0.1 V21_R_OLD=320 V24_R_OLD2=192 V18_R_FB=2 V24_AGE_OLD2=8 V33_K4Q=3 V33_K4Q_RANK=4 V34_OPT=abcdefgj V33_SAT=-2.5 V35_SAT_ROUND=64 V35_SATC=1 V35_SKIP_JOIN_L2=1 V35_SB_MN=8 V35_CPRE_MN=8 V35_JN_MN=8 V33_WK4M=3 V31_K4D=3 V52_FB_FOLD=1 V56_P4=2 V56_A=1 V56_B=1 V56_LMIN=3 V56_LAST=2 V56_EPS=0.001 SAVE_OUT=ov56e_65.npy
v56_66	python run_v29w.py 66 v56 est_v29.py V29_WARM_JOIN=1 V29_WARM_FB=1 V17_R_RES=4 V26_STRASSEN=6 V26_STRASSEN_MIN=16 V32_JOIN_SMM=1 V32_ROT_SMM=1 V32_JOIN_POST=3 V32_JP_C=0.1 V21_R_OLD=320 V24_R_OLD2=192 V18_R_FB=2 V24_AGE_OLD2=8 V33_K4Q=3 V33_K4Q_RANK=4 V34_OPT=abcdefgj V33_SAT=-2.5 V35_SAT_ROUND=64 V35_SATC=1 V35_SKIP_JOIN_L2=1 V35_SB_MN=8 V35_CPRE_MN=8 V35_JN_MN=8 V33_WK4M=3 V31_K4D=3 V52_FB_FOLD=1 V56_P4=2 V56_A=1 V56_B=1 V56_LMIN=3 V56_LAST=2 SAVE_OUT=ov56_66.npy
v56e_66	python run_v29w.py 66 v56e est_v29.py V29_WARM_JOIN=1 V29_WARM_FB=1 V17_R_RES=4 V26_STRASSEN=6 V26_STRASSEN_MIN=16 V32_JOIN_SMM=1 V32_ROT_SMM=1 V32_JOIN_POST=3 V32_JP_C=0.1 V21_R_OLD=320 V24_R_OLD2=192 V18_R_FB=2 V24_AGE_OLD2=8 V33_K4Q=3 V33_K4Q_RANK=4 V34_OPT=abcdefgj V33_SAT=-2.5 V35_SAT_ROUND=64 V35_SATC=1 V35_SKIP_JOIN_L2=1 V35_SB_MN=8 V35_CPRE_MN=8 V35_JN_MN=8 V33_WK4M=3 V31_K4D=3 V52_FB_FOLD=1 V56_P4=2 V56_A=1 V56_B=1 V56_LMIN=3 V56_LAST=2 V56_EPS=0.001 SAVE_OUT=ov56e_66.npy
v56_67	python run_v29w.py 67 v56 est_v29.py V29_WARM_JOIN=1 V29_WARM_FB=1 V17_R_RES=4 V26_STRASSEN=6 V26_STRASSEN_MIN=16 V32_JOIN_SMM=1 V32_ROT_SMM=1 V32_JOIN_POST=3 V32_JP_C=0.1 V21_R_OLD=320 V24_R_OLD2=192 V18_R_FB=2 V24_AGE_OLD2=8 V33_K4Q=3 V33_K4Q_RANK=4 V34_OPT=abcdefgj V33_SAT=-2.5 V35_SAT_ROUND=64 V35_SATC=1 V35_SKIP_JOIN_L2=1 V35_SB_MN=8 V35_CPRE_MN=8 V35_JN_MN=8 V33_WK4M=3 V31_K4D=3 V52_FB_FOLD=1 V56_P4=2 V56_A=1 V56_B=1 V56_LMIN=3 V56_LAST=2 SAVE_OUT=ov56_67.npy
v56e_67	python run_v29w.py 67 v56e est_v29.py V29_WARM_JOIN=1 V29_WARM_FB=1 V17_R_RES=4 V26_STRASSEN=6 V26_STRASSEN_MIN=16 V32_JOIN_SMM=1 V32_ROT_SMM=1 V32_JOIN_POST=3 V32_JP_C=0.1 V21_R_OLD=320 V24_R_OLD2=192 V18_R_FB=2 V24_AGE_OLD2=8 V33_K4Q=3 V33_K4Q_RANK=4 V34_OPT=abcdefgj V33_SAT=-2.5 V35_SAT_ROUND=64 V35_SATC=1 V35_SKIP_JOIN_L2=1 V35_SB_MN=8 V35_CPRE_MN=8 V35_JN_MN=8 V33_WK4M=3 V31_K4D=3 V52_FB_FOLD=1 V56_P4=2 V56_A=1 V56_B=1 V56_LMIN=3 V56_LAST=2 V56_EPS=0.001 SAVE_OUT=ov56e_67.npy
v56_68	python run_v29w.py 68 v56 est_v29.py V29_WARM_JOIN=1 V29_WARM_FB=1 V17_R_RES=4 V26_STRASSEN=6 V26_STRASSEN_MIN=16 V32_JOIN_SMM=1 V32_ROT_SMM=1 V32_JOIN_POST=3 V32_JP_C=0.1 V21_R_OLD=320 V24_R_OLD2=192 V18_R_FB=2 V24_AGE_OLD2=8 V33_K4Q=3 V33_K4Q_RANK=4 V34_OPT=abcdefgj V33_SAT=-2.5 V35_SAT_ROUND=64 V35_SATC=1 V35_SKIP_JOIN_L2=1 V35_SB_MN=8 V35_CPRE_MN=8 V35_JN_MN=8 V33_WK4M=3 V31_K4D=3 V52_FB_FOLD=1 V56_P4=2 V56_A=1 V56_B=1 V56_LMIN=3 V56_LAST=2 SAVE_OUT=ov56_68.npy
v56e_68	python run_v29w.py 68 v56e est_v29.py V29_WARM_JOIN=1 V29_WARM_FB=1 V17_R_RES=4 V26_STRASSEN=6 V26_STRASSEN_MIN=16 V32_JOIN_SMM=1 V32_ROT_SMM=1 V32_JOIN_POST=3 V32_JP_C=0.1 V21_R_OLD=320 V24_R_OLD2=192 V18_R_FB=2 V24_AGE_OLD2=8 V33_K4Q=3 V33_K4Q_RANK=4 V34_OPT=abcdefgj V33_SAT=-2.5 V35_SAT_ROUND=64 V35_SATC=1 V35_SKIP_JOIN_L2=1 V35_SB_MN=8 V35_CPRE_MN=8 V35_JN_MN=8 V33_WK4M=3 V31_K4D=3 V52_FB_FOLD=1 V56_P4=2 V56_A=1 V56_B=1 V56_LMIN=3 V56_LAST=2 V56_EPS=0.001 SAVE_OUT=ov56e_68.npy
v56_69	python run_v29w.py 69 v56 est_v29.py V29_WARM_JOIN=1 V29_WARM_FB=1 V17_R_RES=4 V26_STRASSEN=6 V26_STRASSEN_MIN=16 V32_JOIN_SMM=1 V32_ROT_SMM=1 V32_JOIN_POST=3 V32_JP_C=0.1 V21_R_OLD=320 V24_R_OLD2=192 V18_R_FB=2 V24_AGE_OLD2=8 V33_K4Q=3 V33_K4Q_RANK=4 V34_OPT=abcdefgj V33_SAT=-2.5 V35_SAT_ROUND=64 V35_SATC=1 V35_SKIP_JOIN_L2=1 V35_SB_MN=8 V35_CPRE_MN=8 V35_JN_MN=8 V33_WK4M=3 V31_K4D=3 V52_FB_FOLD=1 V56_P4=2 V56_A=1 V56_B=1 V56_LMIN=3 V56_LAST=2 SAVE_OUT=ov56_69.npy
v56e_69	python run_v29w.py 69 v56e est_v29.py V29_WARM_JOIN=1 V29_WARM_FB=1 V17_R_RES=4 V26_STRASSEN=6 V26_STRASSEN_MIN=16 V32_JOIN_SMM=1 V32_ROT_SMM=1 V32_JOIN_POST=3 V32_JP_C=0.1 V21_R_OLD=320 V24_R_OLD2=192 V18_R_FB=2 V24_AGE_OLD2=8 V33_K4Q=3 V33_K4Q_RANK=4 V34_OPT=abcdefgj V33_SAT=-2.5 V35_SAT_ROUND=64 V35_SATC=1 V35_SKIP_JOIN_L2=1 V35_SB_MN=8 V35_CPRE_MN=8 V35_JN_MN=8 V33_WK4M=3 V31_K4D=3 V52_FB_FOLD=1 V56_P4=2 V56_A=1 V56_B=1 V56_LMIN=3 V56_LAST=2 V56_EPS=0.001 SAVE_OUT=ov56e_69.npy
v56_70	python run_v29w.py 70 v56 est_v29.py V29_WARM_JOIN=1 V29_WARM_FB=1 V17_R_RES=4 V26_STRASSEN=6 V26_STRASSEN_MIN=16 V32_JOIN_SMM=1 V32_ROT_SMM=1 V32_JOIN_POST=3 V32_JP_C=0.1 V21_R_OLD=320 V24_R_OLD2=192 V18_R_FB=2 V24_AGE_OLD2=8 V33_K4Q=3 V33_K4Q_RANK=4 V34_OPT=abcdefgj V33_SAT=-2.5 V35_SAT_ROUND=64 V35_SATC=1 V35_SKIP_JOIN_L2=1 V35_SB_MN=8 V35_CPRE_MN=8 V35_JN_MN=8 V33_WK4M=3 V31_K4D=3 V52_FB_FOLD=1 V56_P4=2 V56_A=1 V56_B=1 V56_LMIN=3 V56_LAST=2 SAVE_OUT=ov56_70.npy
v56e_70	python run_v29w.py 70 v56e est_v29.py V29_WARM_JOIN=1 V29_WARM_FB=1 V17_R_RES=4 V26_STRASSEN=6 V26_STRASSEN_MIN=16 V32_JOIN_SMM=1 V32_ROT_SMM=1 V32_JOIN_POST=3 V32_JP_C=0.1 V21_R_OLD=320 V24_R_OLD2=192 V18_R_FB=2 V24_AGE_OLD2=8 V33_K4Q=3 V33_K4Q_RANK=4 V34_OPT=abcdefgj V33_SAT=-2.5 V35_SAT_ROUND=64 V35_SATC=1 V35_SKIP_JOIN_L2=1 V35_SB_MN=8 V35_CPRE_MN=8 V35_JN_MN=8 V33_WK4M=3 V31_K4D=3 V52_FB_FOLD=1 V56_P4=2 V56_A=1 V56_B=1 V56_LMIN=3 V56_LAST=2 V56_EPS=0.001 SAVE_OUT=ov56e_70.npy
v56_71	python run_v29w.py 71 v56 est_v29.py V29_WARM_JOIN=1 V29_WARM_FB=1 V17_R_RES=4 V26_STRASSEN=6 V26_STRASSEN_MIN=16 V32_JOIN_SMM=1 V32_ROT_SMM=1 V32_JOIN_POST=3 V32_JP_C=0.1 V21_R_OLD=320 V24_R_OLD2=192 V18_R_FB=2 V24_AGE_OLD2=8 V33_K4Q=3 V33_K4Q_RANK=4 V34_OPT=abcdefgj V33_SAT=-2.5 V35_SAT_ROUND=64 V35_SATC=1 V35_SKIP_JOIN_L2=1 V35_SB_MN=8 V35_CPRE_MN=8 V35_JN_MN=8 V33_WK4M=3 V31_K4D=3 V52_FB_FOLD=1 V56_P4=2 V56_A=1 V56_B=1 V56_LMIN=3 V56_LAST=2 SAVE_OUT=ov56_71.npy
v56e_71	python run_v29w.py 71 v56e est_v29.py V29_WARM_JOIN=1 V29_WARM_FB=1 V17_R_RES=4 V26_STRASSEN=6 V26_STRASSEN_MIN=16 V32_JOIN_SMM=1 V32_ROT_SMM=1 V32_JOIN_POST=3 V32_JP_C=0.1 V21_R_OLD=320 V24_R_OLD2=192 V18_R_FB=2 V24_AGE_OLD2=8 V33_K4Q=3 V33_K4Q_RANK=4 V34_OPT=abcdefgj V33_SAT=-2.5 V35_SAT_ROUND=64 V35_SATC=1 V35_SKIP_JOIN_L2=1 V35_SB_MN=8 V35_CPRE_MN=8 V35_JN_MN=8 V33_WK4M=3 V31_K4D=3 V52_FB_FOLD=1 V56_P4=2 V56_A=1 V56_B=1 V56_LMIN=3 V56_LAST=2 V56_EPS=0.001 SAVE_OUT=ov56e_71.npy
v56_72	python run_v29w.py 72 v56 est_v29.py V29_WARM_JOIN=1 V29_WARM_FB=1 V17_R_RES=4 V26_STRASSEN=6 V26_STRASSEN_MIN=16 V32_JOIN_SMM=1 V32_ROT_SMM=1 V32_JOIN_POST=3 V32_JP_C=0.1 V21_R_OLD=320 V24_R_OLD2=192 V18_R_FB=2 V24_AGE_OLD2=8 V33_K4Q=3 V33_K4Q_RANK=4 V34_OPT=abcdefgj V33_SAT=-2.5 V35_SAT_ROUND=64 V35_SATC=1 V35_SKIP_JOIN_L2=1 V35_SB_MN=8 V35_CPRE_MN=8 V35_JN_MN=8 V33_WK4M=3 V31_K4D=3 V52_FB_FOLD=1 V56_P4=2 V56_A=1 V56_B=1 V56_LMIN=3 V56_LAST=2 SAVE_OUT=ov56_72.npy
v56e_72	python run_v29w.py 72 v56e est_v29.py V29_WARM_JOIN=1 V29_WARM_FB=1 V17_R_RES=4 V26_STRASSEN=6 V26_STRASSEN_MIN=16 V32_JOIN_SMM=1 V32_ROT_SMM=1 V32_JOIN_POST=3 V32_JP_C=0.1 V21_R_OLD=320 V24_R_OLD2=192 V18_R_FB=2 V24_AGE_OLD2=8 V33_K4Q=3 V33_K4Q_RANK=4 V34_OPT=abcdefgj V33_SAT=-2.5 V35_SAT_ROUND=64 V35_SATC=1 V35_SKIP_JOIN_L2=1 V35_SB_MN=8 V35_CPRE_MN=8 V35_JN_MN=8 V33_WK4M=3 V31_K4D=3 V52_FB_FOLD=1 V56_P4=2 V56_A=1 V56_B=1 V56_LMIN=3 V56_LAST=2 V56_EPS=0.001 SAVE_OUT=ov56e_72.npy
v56_73	python run_v29w.py 73 v56 est_v29.py V29_WARM_JOIN=1 V29_WARM_FB=1 V17_R_RES=4 V26_STRASSEN=6 V26_STRASSEN_MIN=16 V32_JOIN_SMM=1 V32_ROT_SMM=1 V32_JOIN_POST=3 V32_JP_C=0.1 V21_R_OLD=320 V24_R_OLD2=192 V18_R_FB=2 V24_AGE_OLD2=8 V33_K4Q=3 V33_K4Q_RANK=4 V34_OPT=abcdefgj V33_SAT=-2.5 V35_SAT_ROUND=64 V35_SATC=1 V35_SKIP_JOIN_L2=1 V35_SB_MN=8 V35_CPRE_MN=8 V35_JN_MN=8 V33_WK4M=3 V31_K4D=3 V52_FB_FOLD=1 V56_P4=2 V56_A=1 V56_B=1 V56_LMIN=3 V56_LAST=2 SAVE_OUT=ov56_73.npy
v56e_73	python run_v29w.py 73 v56e est_v29.py V29_WARM_JOIN=1 V29_WARM_FB=1 V17_R_RES=4 V26_STRASSEN=6 V26_STRASSEN_MIN=16 V32_JOIN_SMM=1 V32_ROT_SMM=1 V32_JOIN_POST=3 V32_JP_C=0.1 V21_R_OLD=320 V24_R_OLD2=192 V18_R_FB=2 V24_AGE_OLD2=8 V33_K4Q=3 V33_K4Q_RANK=4 V34_OPT=abcdefgj V33_SAT=-2.5 V35_SAT_ROUND=64 V35_SATC=1 V35_SKIP_JOIN_L2=1 V35_SB_MN=8 V35_CPRE_MN=8 V35_JN_MN=8 V33_WK4M=3 V31_K4D=3 V52_FB_FOLD=1 V56_P4=2 V56_A=1 V56_B=1 V56_LMIN=3 V56_LAST=2 V56_EPS=0.001 SAVE_OUT=ov56e_73.npy
v56_74	python run_v29w.py 74 v56 est_v29.py V29_WARM_JOIN=1 V29_WARM_FB=1 V17_R_RES=4 V26_STRASSEN=6 V26_STRASSEN_MIN=16 V32_JOIN_SMM=1 V32_ROT_SMM=1 V32_JOIN_POST=3 V32_JP_C=0.1 V21_R_OLD=320 V24_R_OLD2=192 V18_R_FB=2 V24_AGE_OLD2=8 V33_K4Q=3 V33_K4Q_RANK=4 V34_OPT=abcdefgj V33_SAT=-2.5 V35_SAT_ROUND=64 V35_SATC=1 V35_SKIP_JOIN_L2=1 V35_SB_MN=8 V35_CPRE_MN=8 V35_JN_MN=8 V33_WK4M=3 V31_K4D=3 V52_FB_FOLD=1 V56_P4=2 V56_A=1 V56_B=1 V56_LMIN=3 V56_LAST=2 SAVE_OUT=ov56_74.npy
v56e_74	python run_v29w.py 74 v56e est_v29.py V29_WARM_JOIN=1 V29_WARM_FB=1 V17_R_RES=4 V26_STRASSEN=6 V26_STRASSEN_MIN=16 V32_JOIN_SMM=1 V32_ROT_SMM=1 V32_JOIN_POST=3 V32_JP_C=0.1 V21_R_OLD=320 V24_R_OLD2=192 V18_R_FB=2 V24_AGE_OLD2=8 V33_K4Q=3 V33_K4Q_RANK=4 V34_OPT=abcdefgj V33_SAT=-2.5 V35_SAT_ROUND=64 V35_SATC=1 V35_SKIP_JOIN_L2=1 V35_SB_MN=8 V35_CPRE_MN=8 V35_JN_MN=8 V33_WK4M=3 V31_K4D=3 V52_FB_FOLD=1 V56_P4=2 V56_A=1 V56_B=1 V56_LMIN=3 V56_LAST=2 V56_EPS=0.001 SAVE_OUT=ov56e_74.npy
v56_75	python run_v29w.py 75 v56 est_v29.py V29_WARM_JOIN=1 V29_WARM_FB=1 V17_R_RES=4 V26_STRASSEN=6 V26_STRASSEN_MIN=16 V32_JOIN_SMM=1 V32_ROT_SMM=1 V32_JOIN_POST=3 V32_JP_C=0.1 V21_R_OLD=320 V24_R_OLD2=192 V18_R_FB=2 V24_AGE_OLD2=8 V33_K4Q=3 V33_K4Q_RANK=4 V34_OPT=abcdefgj V33_SAT=-2.5 V35_SAT_ROUND=64 V35_SATC=1 V35_SKIP_JOIN_L2=1 V35_SB_MN=8 V35_CPRE_MN=8 V35_JN_MN=8 V33_WK4M=3 V31_K4D=3 V52_FB_FOLD=1 V56_P4=2 V56_A=1 V56_B=1 V56_LMIN=3 V56_LAST=2 SAVE_OUT=ov56_75.npy
v56e_75	python run_v29w.py 75 v56e est_v29.py V29_WARM_JOIN=1 V29_WARM_FB=1 V17_R_RES=4 V26_STRASSEN=6 V26_STRASSEN_MIN=16 V32_JOIN_SMM=1 V32_ROT_SMM=1 V32_JOIN_POST=3 V32_JP_C=0.1 V21_R_OLD=320 V24_R_OLD2=192 V18_R_FB=2 V24_AGE_OLD2=8 V33_K4Q=3 V33_K4Q_RANK=4 V34_OPT=abcdefgj V33_SAT=-2.5 V35_SAT_ROUND=64 V35_SATC=1 V35_SKIP_JOIN_L2=1 V35_SB_MN=8 V35_CPRE_MN=8 V35_JN_MN=8 V33_WK4M=3 V31_K4D=3 V52_FB_FOLD=1 V56_P4=2 V56_A=1 V56_B=1 V56_LMIN=3 V56_LAST=2 V56_EPS=0.001 SAVE_OUT=ov56e_75.npy
v56_76	python run_v29w.py 76 v56 est_v29.py V29_WARM_JOIN=1 V29_WARM_FB=1 V17_R_RES=4 V26_STRASSEN=6 V26_STRASSEN_MIN=16 V32_JOIN_SMM=1 V32_ROT_SMM=1 V32_JOIN_POST=3 V32_JP_C=0.1 V21_R_OLD=320 V24_R_OLD2=192 V18_R_FB=2 V24_AGE_OLD2=8 V33_K4Q=3 V33_K4Q_RANK=4 V34_OPT=abcdefgj V33_SAT=-2.5 V35_SAT_ROUND=64 V35_SATC=1 V35_SKIP_JOIN_L2=1 V35_SB_MN=8 V35_CPRE_MN=8 V35_JN_MN=8 V33_WK4M=3 V31_K4D=3 V52_FB_FOLD=1 V56_P4=2 V56_A=1 V56_B=1 V56_LMIN=3 V56_LAST=2 SAVE_OUT=ov56_76.npy
v56e_76	python run_v29w.py 76 v56e est_v29.py V29_WARM_JOIN=1 V29_WARM_FB=1 V17_R_RES=4 V26_STRASSEN=6 V26_STRASSEN_MIN=16 V32_JOIN_SMM=1 V32_ROT_SMM=1 V32_JOIN_POST=3 V32_JP_C=0.1 V21_R_OLD=320 V24_R_OLD2=192 V18_R_FB=2 V24_AGE_OLD2=8 V33_K4Q=3 V33_K4Q_RANK=4 V34_OPT=abcdefgj V33_SAT=-2.5 V35_SAT_ROUND=64 V35_SATC=1 V35_SKIP_JOIN_L2=1 V35_SB_MN=8 V35_CPRE_MN=8 V35_JN_MN=8 V33_WK4M=3 V31_K4D=3 V52_FB_FOLD=1 V56_P4=2 V56_A=1 V56_B=1 V56_LMIN=3 V56_LAST=2 V56_EPS=0.001 SAVE_OUT=ov56e_76.npy
v56_77	python run_v29w.py 77 v56 est_v29.py V29_WARM_JOIN=1 V29_WARM_FB=1 V17_R_RES=4 V26_STRASSEN=6 V26_STRASSEN_MIN=16 V32_JOIN_SMM=1 V32_ROT_SMM=1 V32_JOIN_POST=3 V32_JP_C=0.1 V21_R_OLD=320 V24_R_OLD2=192 V18_R_FB=2 V24_AGE_OLD2=8 V33_K4Q=3 V33_K4Q_RANK=4 V34_OPT=abcdefgj V33_SAT=-2.5 V35_SAT_ROUND=64 V35_SATC=1 V35_SKIP_JOIN_L2=1 V35_SB_MN=8 V35_CPRE_MN=8 V35_JN_MN=8 V33_WK4M=3 V31_K4D=3 V52_FB_FOLD=1 V56_P4=2 V56_A=1 V56_B=1 V56_LMIN=3 V56_LAST=2 SAVE_OUT=ov56_77.npy
v56e_77	python run_v29w.py 77 v56e est_v29.py V29_WARM_JOIN=1 V29_WARM_FB=1 V17_R_RES=4 V26_STRASSEN=6 V26_STRASSEN_MIN=16 V32_JOIN_SMM=1 V32_ROT_SMM=1 V32_JOIN_POST=3 V32_JP_C=0.1 V21_R_OLD=320 V24_R_OLD2=192 V18_R_FB=2 V24_AGE_OLD2=8 V33_K4Q=3 V33_K4Q_RANK=4 V34_OPT=abcdefgj V33_SAT=-2.5 V35_SAT_ROUND=64 V35_SATC=1 V35_SKIP_JOIN_L2=1 V35_SB_MN=8 V35_CPRE_MN=8 V35_JN_MN=8 V33_WK4M=3 V31_K4D=3 V52_FB_FOLD=1 V56_P4=2 V56_A=1 V56_B=1 V56_LMIN=3 V56_LAST=2 V56_EPS=0.001 SAVE_OUT=ov56e_77.npy
v56_78	python run_v29w.py 78 v56 est_v29.py V29_WARM_JOIN=1 V29_WARM_FB=1 V17_R_RES=4 V26_STRASSEN=6 V26_STRASSEN_MIN=16 V32_JOIN_SMM=1 V32_ROT_SMM=1 V32_JOIN_POST=3 V32_JP_C=0.1 V21_R_OLD=320 V24_R_OLD2=192 V18_R_FB=2 V24_AGE_OLD2=8 V33_K4Q=3 V33_K4Q_RANK=4 V34_OPT=abcdefgj V33_SAT=-2.5 V35_SAT_ROUND=64 V35_SATC=1 V35_SKIP_JOIN_L2=1 V35_SB_MN=8 V35_CPRE_MN=8 V35_JN_MN=8 V33_WK4M=3 V31_K4D=3 V52_FB_FOLD=1 V56_P4=2 V56_A=1 V56_B=1 V56_LMIN=3 V56_LAST=2 SAVE_OUT=ov56_78.npy
v56e_78	python run_v29w.py 78 v56e est_v29.py V29_WARM_JOIN=1 V29_WARM_FB=1 V17_R_RES=4 V26_STRASSEN=6 V26_STRASSEN_MIN=16 V32_JOIN_SMM=1 V32_ROT_SMM=1 V32_JOIN_POST=3 V32_JP_C=0.1 V21_R_OLD=320 V24_R_OLD2=192 V18_R_FB=2 V24_AGE_OLD2=8 V33_K4Q=3 V33_K4Q_RANK=4 V34_OPT=abcdefgj V33_SAT=-2.5 V35_SAT_ROUND=64 V35_SATC=1 V35_SKIP_JOIN_L2=1 V35_SB_MN=8 V35_CPRE_MN=8 V35_JN_MN=8 V33_WK4M=3 V31_K4D=3 V52_FB_FOLD=1 V56_P4=2 V56_A=1 V56_B=1 V56_LMIN=3 V56_LAST=2 V56_EPS=0.001 SAVE_OUT=ov56e_78.npy
v56_79	python run_v29w.py 79 v56 est_v29.py V29_WARM_JOIN=1 V29_WARM_FB=1 V17_R_RES=4 V26_STRASSEN=6 V26_STRASSEN_MIN=16 V32_JOIN_SMM=1 V32_ROT_SMM=1 V32_JOIN_POST=3 V32_JP_C=0.1 V21_R_OLD=320 V24_R_OLD2=192 V18_R_FB=2 V24_AGE_OLD2=8 V33_K4Q=3 V33_K4Q_RANK=4 V34_OPT=abcdefgj V33_SAT=-2.5 V35_SAT_ROUND=64 V35_SATC=1 V35_SKIP_JOIN_L2=1 V35_SB_MN=8 V35_CPRE_MN=8 V35_JN_MN=8 V33_WK4M=3 V31_K4D=3 V52_FB_FOLD=1 V56_P4=2 V56_A=1 V56_B=1 V56_LMIN=3 V56_LAST=2 SAVE_OUT=ov56_79.npy
v56e_79	python run_v29w.py 79 v56e est_v29.py V29_WARM_JOIN=1 V29_WARM_FB=1 V17_R_RES=4 V26_STRASSEN=6 V26_STRASSEN_MIN=16 V32_JOIN_SMM=1 V32_ROT_SMM=1 V32_JOIN_POST=3 V32_JP_C=0.1 V21_R_OLD=320 V24_R_OLD2=192 V18_R_FB=2 V24_AGE_OLD2=8 V33_K4Q=3 V33_K4Q_RANK=4 V34_OPT=abcdefgj V33_SAT=-2.5 V35_SAT_ROUND=64 V35_SATC=1 V35_SKIP_JOIN_L2=1 V35_SB_MN=8 V35_CPRE_MN=8 V35_JN_MN=8 V33_WK4M=3 V31_K4D=3 V52_FB_FOLD=1 V56_P4=2 V56_A=1 V56_B=1 V56_LMIN=3 V56_LAST=2 V56_EPS=0.001 SAVE_OUT=ov56e_79.npy
v56_80	python run_v29w.py 80 v56 est_v29.py V29_WARM_JOIN=1 V29_WARM_FB=1 V17_R_RES=4 V26_STRASSEN=6 V26_STRASSEN_MIN=16 V32_JOIN_SMM=1 V32_ROT_SMM=1 V32_JOIN_POST=3 V32_JP_C=0.1 V21_R_OLD=320 V24_R_OLD2=192 V18_R_FB=2 V24_AGE_OLD2=8 V33_K4Q=3 V33_K4Q_RANK=4 V34_OPT=abcdefgj V33_SAT=-2.5 V35_SAT_ROUND=64 V35_SATC=1 V35_SKIP_JOIN_L2=1 V35_SB_MN=8 V35_CPRE_MN=8 V35_JN_MN=8 V33_WK4M=3 V31_K4D=3 V52_FB_FOLD=1 V56_P4=2 V56_A=1 V56_B=1 V56_LMIN=3 V56_LAST=2 SAVE_OUT=ov56_80.npy
v56e_80	python run_v29w.py 80 v56e est_v29.py V29_WARM_JOIN=1 V29_WARM_FB=1 V17_R_RES=4 V26_STRASSEN=6 V26_STRASSEN_MIN=16 V32_JOIN_SMM=1 V32_ROT_SMM=1 V32_JOIN_POST=3 V32_JP_C=0.1 V21_R_OLD=320 V24_R_OLD2=192 V18_R_FB=2 V24_AGE_OLD2=8 V33_K4Q=3 V33_K4Q_RANK=4 V34_OPT=abcdefgj V33_SAT=-2.5 V35_SAT_ROUND=64 V35_SATC=1 V35_SKIP_JOIN_L2=1 V35_SB_MN=8 V35_CPRE_MN=8 V35_JN_MN=8 V33_WK4M=3 V31_K4D=3 V52_FB_FOLD=1 V56_P4=2 V56_A=1 V56_B=1 V56_LMIN=3 V56_LAST=2 V56_EPS=0.001 SAVE_OUT=ov56e_80.npy
v56_81	python run_v29w.py 81 v56 est_v29.py V29_WARM_JOIN=1 V29_WARM_FB=1 V17_R_RES=4 V26_STRASSEN=6 V26_STRASSEN_MIN=16 V32_JOIN_SMM=1 V32_ROT_SMM=1 V32_JOIN_POST=3 V32_JP_C=0.1 V21_R_OLD=320 V24_R_OLD2=192 V18_R_FB=2 V24_AGE_OLD2=8 V33_K4Q=3 V33_K4Q_RANK=4 V34_OPT=abcdefgj V33_SAT=-2.5 V35_SAT_ROUND=64 V35_SATC=1 V35_SKIP_JOIN_L2=1 V35_SB_MN=8 V35_CPRE_MN=8 V35_JN_MN=8 V33_WK4M=3 V31_K4D=3 V52_FB_FOLD=1 V56_P4=2 V56_A=1 V56_B=1 V56_LMIN=3 V56_LAST=2 SAVE_OUT=ov56_81.npy
v56e_81	python run_v29w.py 81 v56e est_v29.py V29_WARM_JOIN=1 V29_WARM_FB=1 V17_R_RES=4 V26_STRASSEN=6 V26_STRASSEN_MIN=16 V32_JOIN_SMM=1 V32_ROT_SMM=1 V32_JOIN_POST=3 V32_JP_C=0.1 V21_R_OLD=320 V24_R_OLD2=192 V18_R_FB=2 V24_AGE_OLD2=8 V33_K4Q=3 V33_K4Q_RANK=4 V34_OPT=abcdefgj V33_SAT=-2.5 V35_SAT_ROUND=64 V35_SATC=1 V35_SKIP_JOIN_L2=1 V35_SB_MN=8 V35_CPRE_MN=8 V35_JN_MN=8 V33_WK4M=3 V31_K4D=3 V52_FB_FOLD=1 V56_P4=2 V56_A=1 V56_B=1 V56_LMIN=3 V56_LAST=2 V56_EPS=0.001 SAVE_OUT=ov56e_81.npy
v56_82	python run_v29w.py 82 v56 est_v29.py V29_WARM_JOIN=1 V29_WARM_FB=1 V17_R_RES=4 V26_STRASSEN=6 V26_STRASSEN_MIN=16 V32_JOIN_SMM=1 V32_ROT_SMM=1 V32_JOIN_POST=3 V32_JP_C=0.1 V21_R_OLD=320 V24_R_OLD2=192 V18_R_FB=2 V24_AGE_OLD2=8 V33_K4Q=3 V33_K4Q_RANK=4 V34_OPT=abcdefgj V33_SAT=-2.5 V35_SAT_ROUND=64 V35_SATC=1 V35_SKIP_JOIN_L2=1 V35_SB_MN=8 V35_CPRE_MN=8 V35_JN_MN=8 V33_WK4M=3 V31_K4D=3 V52_FB_FOLD=1 V56_P4=2 V56_A=1 V56_B=1 V56_LMIN=3 V56_LAST=2 SAVE_OUT=ov56_82.npy
v56e_82	python run_v29w.py 82 v56e est_v29.py V29_WARM_JOIN=1 V29_WARM_FB=1 V17_R_RES=4 V26_STRASSEN=6 V26_STRASSEN_MIN=16 V32_JOIN_SMM=1 V32_ROT_SMM=1 V32_JOIN_POST=3 V32_JP_C=0.1 V21_R_OLD=320 V24_R_OLD2=192 V18_R_FB=2 V24_AGE_OLD2=8 V33_K4Q=3 V33_K4Q_RANK=4 V34_OPT=abcdefgj V33_SAT=-2.5 V35_SAT_ROUND=64 V35_SATC=1 V35_SKIP_JOIN_L2=1 V35_SB_MN=8 V35_CPRE_MN=8 V35_JN_MN=8 V33_WK4M=3 V31_K4D=3 V52_FB_FOLD=1 V56_P4=2 V56_A=1 V56_B=1 V56_LMIN=3 V56_LAST=2 V56_EPS=0.001 SAVE_OUT=ov56e_82.npy
v56_83	python run_v29w.py 83 v56 est_v29.py V29_WARM_JOIN=1 V29_WARM_FB=1 V17_R_RES=4 V26_STRASSEN=6 V26_STRASSEN_MIN=16 V32_JOIN_SMM=1 V32_ROT_SMM=1 V32_JOIN_POST=3 V32_JP_C=0.1 V21_R_OLD=320 V24_R_OLD2=192 V18_R_FB=2 V24_AGE_OLD2=8 V33_K4Q=3 V33_K4Q_RANK=4 V34_OPT=abcdefgj V33_SAT=-2.5 V35_SAT_ROUND=64 V35_SATC=1 V35_SKIP_JOIN_L2=1 V35_SB_MN=8 V35_CPRE_MN=8 V35_JN_MN=8 V33_WK4M=3 V31_K4D=3 V52_FB_FOLD=1 V56_P4=2 V56_A=1 V56_B=1 V56_LMIN=3 V56_LAST=2 SAVE_OUT=ov56_83.npy
v56e_83	python run_v29w.py 83 v56e est_v29.py V29_WARM_JOIN=1 V29_WARM_FB=1 V17_R_RES=4 V26_STRASSEN=6 V26_STRASSEN_MIN=16 V32_JOIN_SMM=1 V32_ROT_SMM=1 V32_JOIN_POST=3 V32_JP_C=0.1 V21_R_OLD=320 V24_R_OLD2=192 V18_R_FB=2 V24_AGE_OLD2=8 V33_K4Q=3 V33_K4Q_RANK=4 V34_OPT=abcdefgj V33_SAT=-2.5 V35_SAT_ROUND=64 V35_SATC=1 V35_SKIP_JOIN_L2=1 V35_SB_MN=8 V35_CPRE_MN=8 V35_JN_MN=8 V33_WK4M=3 V31_K4D=3 V52_FB_FOLD=1 V56_P4=2 V56_A=1 V56_B=1 V56_LMIN=3 V56_LAST=2 V56_EPS=0.001 SAVE_OUT=ov56e_83.npy
v56_84	python run_v29w.py 84 v56 est_v29.py V29_WARM_JOIN=1 V29_WARM_FB=1 V17_R_RES=4 V26_STRASSEN=6 V26_STRASSEN_MIN=16 V32_JOIN_SMM=1 V32_ROT_SMM=1 V32_JOIN_POST=3 V32_JP_C=0.1 V21_R_OLD=320 V24_R_OLD2=192 V18_R_FB=2 V24_AGE_OLD2=8 V33_K4Q=3 V33_K4Q_RANK=4 V34_OPT=abcdefgj V33_SAT=-2.5 V35_SAT_ROUND=64 V35_SATC=1 V35_SKIP_JOIN_L2=1 V35_SB_MN=8 V35_CPRE_MN=8 V35_JN_MN=8 V33_WK4M=3 V31_K4D=3 V52_FB_FOLD=1 V56_P4=2 V56_A=1 V56_B=1 V56_LMIN=3 V56_LAST=2 SAVE_OUT=ov56_84.npy
v56e_84	python run_v29w.py 84 v56e est_v29.py V29_WARM_JOIN=1 V29_WARM_FB=1 V17_R_RES=4 V26_STRASSEN=6 V26_STRASSEN_MIN=16 V32_JOIN_SMM=1 V32_ROT_SMM=1 V32_JOIN_POST=3 V32_JP_C=0.1 V21_R_OLD=320 V24_R_OLD2=192 V18_R_FB=2 V24_AGE_OLD2=8 V33_K4Q=3 V33_K4Q_RANK=4 V34_OPT=abcdefgj V33_SAT=-2.5 V35_SAT_ROUND=64 V35_SATC=1 V35_SKIP_JOIN_L2=1 V35_SB_MN=8 V35_CPRE_MN=8 V35_JN_MN=8 V33_WK4M=3 V31_K4D=3 V52_FB_FOLD=1 V56_P4=2 V56_A=1 V56_B=1 V56_LMIN=3 V56_LAST=2 V56_EPS=0.001 SAVE_OUT=ov56e_84.npy
v56_85	python run_v29w.py 85 v56 est_v29.py V29_WARM_JOIN=1 V29_WARM_FB=1 V17_R_RES=4 V26_STRASSEN=6 V26_STRASSEN_MIN=16 V32_JOIN_SMM=1 V32_ROT_SMM=1 V32_JOIN_POST=3 V32_JP_C=0.1 V21_R_OLD=320 V24_R_OLD2=192 V18_R_FB=2 V24_AGE_OLD2=8 V33_K4Q=3 V33_K4Q_RANK=4 V34_OPT=abcdefgj V33_SAT=-2.5 V35_SAT_ROUND=64 V35_SATC=1 V35_SKIP_JOIN_L2=1 V35_SB_MN=8 V35_CPRE_MN=8 V35_JN_MN=8 V33_WK4M=3 V31_K4D=3 V52_FB_FOLD=1 V56_P4=2 V56_A=1 V56_B=1 V56_LMIN=3 V56_LAST=2 SAVE_OUT=ov56_85.npy
v56e_85	python run_v29w.py 85 v56e est_v29.py V29_WARM_JOIN=1 V29_WARM_FB=1 V17_R_RES=4 V26_STRASSEN=6 V26_STRASSEN_MIN=16 V32_JOIN_SMM=1 V32_ROT_SMM=1 V32_JOIN_POST=3 V32_JP_C=0.1 V21_R_OLD=320 V24_R_OLD2=192 V18_R_FB=2 V24_AGE_OLD2=8 V33_K4Q=3 V33_K4Q_RANK=4 V34_OPT=abcdefgj V33_SAT=-2.5 V35_SAT_ROUND=64 V35_SATC=1 V35_SKIP_JOIN_L2=1 V35_SB_MN=8 V35_CPRE_MN=8 V35_JN_MN=8 V33_WK4M=3 V31_K4D=3 V52_FB_FOLD=1 V56_P4=2 V56_A=1 V56_B=1 V56_LMIN=3 V56_LAST=2 V56_EPS=0.001 SAVE_OUT=ov56e_85.npy
v56_86	python run_v29w.py 86 v56 est_v29.py V29_WARM_JOIN=1 V29_WARM_FB=1 V17_R_RES=4 V26_STRASSEN=6 V26_STRASSEN_MIN=16 V32_JOIN_SMM=1 V32_ROT_SMM=1 V32_JOIN_POST=3 V32_JP_C=0.1 V21_R_OLD=320 V24_R_OLD2=192 V18_R_FB=2 V24_AGE_OLD2=8 V33_K4Q=3 V33_K4Q_RANK=4 V34_OPT=abcdefgj V33_SAT=-2.5 V35_SAT_ROUND=64 V35_SATC=1 V35_SKIP_JOIN_L2=1 V35_SB_MN=8 V35_CPRE_MN=8 V35_JN_MN=8 V33_WK4M=3 V31_K4D=3 V52_FB_FOLD=1 V56_P4=2 V56_A=1 V56_B=1 V56_LMIN=3 V56_LAST=2 SAVE_OUT=ov56_86.npy
v56e_86	python run_v29w.py 86 v56e est_v29.py V29_WARM_JOIN=1 V29_WARM_FB=1 V17_R_RES=4 V26_STRASSEN=6 V26_STRASSEN_MIN=16 V32_JOIN_SMM=1 V32_ROT_SMM=1 V32_JOIN_POST=3 V32_JP_C=0.1 V21_R_OLD=320 V24_R_OLD2=192 V18_R_FB=2 V24_AGE_OLD2=8 V33_K4Q=3 V33_K4Q_RANK=4 V34_OPT=abcdefgj V33_SAT=-2.5 V35_SAT_ROUND=64 V35_SATC=1 V35_SKIP_JOIN_L2=1 V35_SB_MN=8 V35_CPRE_MN=8 V35_JN_MN=8 V33_WK4M=3 V31_K4D=3 V52_FB_FOLD=1 V56_P4=2 V56_A=1 V56_B=1 V56_LMIN=3 V56_LAST=2 V56_EPS=0.001 SAVE_OUT=ov56e_86.npy
v56_87	python run_v29w.py 87 v56 est_v29.py V29_WARM_JOIN=1 V29_WARM_FB=1 V17_R_RES=4 V26_STRASSEN=6 V26_STRASSEN_MIN=16 V32_JOIN_SMM=1 V32_ROT_SMM=1 V32_JOIN_POST=3 V32_JP_C=0.1 V21_R_OLD=320 V24_R_OLD2=192 V18_R_FB=2 V24_AGE_OLD2=8 V33_K4Q=3 V33_K4Q_RANK=4 V34_OPT=abcdefgj V33_SAT=-2.5 V35_SAT_ROUND=64 V35_SATC=1 V35_SKIP_JOIN_L2=1 V35_SB_MN=8 V35_CPRE_MN=8 V35_JN_MN=8 V33_WK4M=3 V31_K4D=3 V52_FB_FOLD=1 V56_P4=2 V56_A=1 V56_B=1 V56_LMIN=3 V56_LAST=2 SAVE_OUT=ov56_87.npy
v56e_87	python run_v29w.py 87 v56e est_v29.py V29_WARM_JOIN=1 V29_WARM_FB=1 V17_R_RES=4 V26_STRASSEN=6 V26_STRASSEN_MIN=16 V32_JOIN_SMM=1 V32_ROT_SMM=1 V32_JOIN_POST=3 V32_JP_C=0.1 V21_R_OLD=320 V24_R_OLD2=192 V18_R_FB=2 V24_AGE_OLD2=8 V33_K4Q=3 V33_K4Q_RANK=4 V34_OPT=abcdefgj V33_SAT=-2.5 V35_SAT_ROUND=64 V35_SATC=1 V35_SKIP_JOIN_L2=1 V35_SB_MN=8 V35_CPRE_MN=8 V35_JN_MN=8 V33_WK4M=3 V31_K4D=3 V52_FB_FOLD=1 V56_P4=2 V56_A=1 V56_B=1 V56_LMIN=3 V56_LAST=2 V56_EPS=0.001 SAVE_OUT=ov56e_87.npy
v56_88	python run_v29w.py 88 v56 est_v29.py V29_WARM_JOIN=1 V29_WARM_FB=1 V17_R_RES=4 V26_STRASSEN=6 V26_STRASSEN_MIN=16 V32_JOIN_SMM=1 V32_ROT_SMM=1 V32_JOIN_POST=3 V32_JP_C=0.1 V21_R_OLD=320 V24_R_OLD2=192 V18_R_FB=2 V24_AGE_OLD2=8 V33_K4Q=3 V33_K4Q_RANK=4 V34_OPT=abcdefgj V33_SAT=-2.5 V35_SAT_ROUND=64 V35_SATC=1 V35_SKIP_JOIN_L2=1 V35_SB_MN=8 V35_CPRE_MN=8 V35_JN_MN=8 V33_WK4M=3 V31_K4D=3 V52_FB_FOLD=1 V56_P4=2 V56_A=1 V56_B=1 V56_LMIN=3 V56_LAST=2 SAVE_OUT=ov56_88.npy
v56e_88	python run_v29w.py 88 v56e est_v29.py V29_WARM_JOIN=1 V29_WARM_FB=1 V17_R_RES=4 V26_STRASSEN=6 V26_STRASSEN_MIN=16 V32_JOIN_SMM=1 V32_ROT_SMM=1 V32_JOIN_POST=3 V32_JP_C=0.1 V21_R_OLD=320 V24_R_OLD2=192 V18_R_FB=2 V24_AGE_OLD2=8 V33_K4Q=3 V33_K4Q_RANK=4 V34_OPT=abcdefgj V33_SAT=-2.5 V35_SAT_ROUND=64 V35_SATC=1 V35_SKIP_JOIN_L2=1 V35_SB_MN=8 V35_CPRE_MN=8 V35_JN_MN=8 V33_WK4M=3 V31_K4D=3 V52_FB_FOLD=1 V56_P4=2 V56_A=1 V56_B=1 V56_LMIN=3 V56_LAST=2 V56_EPS=0.001 SAVE_OUT=ov56e_88.npy
v56_89	python run_v29w.py 89 v56 est_v29.py V29_WARM_JOIN=1 V29_WARM_FB=1 V17_R_RES=4 V26_STRASSEN=6 V26_STRASSEN_MIN=16 V32_JOIN_SMM=1 V32_ROT_SMM=1 V32_JOIN_POST=3 V32_JP_C=0.1 V21_R_OLD=320 V24_R_OLD2=192 V18_R_FB=2 V24_AGE_OLD2=8 V33_K4Q=3 V33_K4Q_RANK=4 V34_OPT=abcdefgj V33_SAT=-2.5 V35_SAT_ROUND=64 V35_SATC=1 V35_SKIP_JOIN_L2=1 V35_SB_MN=8 V35_CPRE_MN=8 V35_JN_MN=8 V33_WK4M=3 V31_K4D=3 V52_FB_FOLD=1 V56_P4=2 V56_A=1 V56_B=1 V56_LMIN=3 V56_LAST=2 SAVE_OUT=ov56_89.npy
v56e_89	python run_v29w.py 89 v56e est_v29.py V29_WARM_JOIN=1 V29_WARM_FB=1 V17_R_RES=4 V26_STRASSEN=6 V26_STRASSEN_MIN=16 V32_JOIN_SMM=1 V32_ROT_SMM=1 V32_JOIN_POST=3 V32_JP_C=0.1 V21_R_OLD=320 V24_R_OLD2=192 V18_R_FB=2 V24_AGE_OLD2=8 V33_K4Q=3 V33_K4Q_RANK=4 V34_OPT=abcdefgj V33_SAT=-2.5 V35_SAT_ROUND=64 V35_SATC=1 V35_SKIP_JOIN_L2=1 V35_SB_MN=8 V35_CPRE_MN=8 V35_JN_MN=8 V33_WK4M=3 V31_K4D=3 V52_FB_FOLD=1 V56_P4=2 V56_A=1 V56_B=1 V56_LMIN=3 V56_LAST=2 V56_EPS=0.001 SAVE_OUT=ov56e_89.npy
v56_90	python run_v29w.py 90 v56 est_v29.py V29_WARM_JOIN=1 V29_WARM_FB=1 V17_R_RES=4 V26_STRASSEN=6 V26_STRASSEN_MIN=16 V32_JOIN_SMM=1 V32_ROT_SMM=1 V32_JOIN_POST=3 V32_JP_C=0.1 V21_R_OLD=320 V24_R_OLD2=192 V18_R_FB=2 V24_AGE_OLD2=8 V33_K4Q=3 V33_K4Q_RANK=4 V34_OPT=abcdefgj V33_SAT=-2.5 V35_SAT_ROUND=64 V35_SATC=1 V35_SKIP_JOIN_L2=1 V35_SB_MN=8 V35_CPRE_MN=8 V35_JN_MN=8 V33_WK4M=3 V31_K4D=3 V52_FB_FOLD=1 V56_P4=2 V56_A=1 V56_B=1 V56_LMIN=3 V56_LAST=2 SAVE_OUT=ov56_90.npy
v56e_90	python run_v29w.py 90 v56e est_v29.py V29_WARM_JOIN=1 V29_WARM_FB=1 V17_R_RES=4 V26_STRASSEN=6 V26_STRASSEN_MIN=16 V32_JOIN_SMM=1 V32_ROT_SMM=1 V32_JOIN_POST=3 V32_JP_C=0.1 V21_R_OLD=320 V24_R_OLD2=192 V18_R_FB=2 V24_AGE_OLD2=8 V33_K4Q=3 V33_K4Q_RANK=4 V34_OPT=abcdefgj V33_SAT=-2.5 V35_SAT_ROUND=64 V35_SATC=1 V35_SKIP_JOIN_L2=1 V35_SB_MN=8 V35_CPRE_MN=8 V35_JN_MN=8 V33_WK4M=3 V31_K4D=3 V52_FB_FOLD=1 V56_P4=2 V56_A=1 V56_B=1 V56_LMIN=3 V56_LAST=2 V56_EPS=0.001 SAVE_OUT=ov56e_90.npy
v56_91	python run_v29w.py 91 v56 est_v29.py V29_WARM_JOIN=1 V29_WARM_FB=1 V17_R_RES=4 V26_STRASSEN=6 V26_STRASSEN_MIN=16 V32_JOIN_SMM=1 V32_ROT_SMM=1 V32_JOIN_POST=3 V32_JP_C=0.1 V21_R_OLD=320 V24_R_OLD2=192 V18_R_FB=2 V24_AGE_OLD2=8 V33_K4Q=3 V33_K4Q_RANK=4 V34_OPT=abcdefgj V33_SAT=-2.5 V35_SAT_ROUND=64 V35_SATC=1 V35_SKIP_JOIN_L2=1 V35_SB_MN=8 V35_CPRE_MN=8 V35_JN_MN=8 V33_WK4M=3 V31_K4D=3 V52_FB_FOLD=1 V56_P4=2 V56_A=1 V56_B=1 V56_LMIN=3 V56_LAST=2 SAVE_OUT=ov56_91.npy
v56e_91	python run_v29w.py 91 v56e est_v29.py V29_WARM_JOIN=1 V29_WARM_FB=1 V17_R_RES=4 V26_STRASSEN=6 V26_STRASSEN_MIN=16 V32_JOIN_SMM=1 V32_ROT_SMM=1 V32_JOIN_POST=3 V32_JP_C=0.1 V21_R_OLD=320 V24_R_OLD2=192 V18_R_FB=2 V24_AGE_OLD2=8 V33_K4Q=3 V33_K4Q_RANK=4 V34_OPT=abcdefgj V33_SAT=-2.5 V35_SAT_ROUND=64 V35_SATC=1 V35_SKIP_JOIN_L2=1 V35_SB_MN=8 V35_CPRE_MN=8 V35_JN_MN=8 V33_WK4M=3 V31_K4D=3 V52_FB_FOLD=1 V56_P4=2 V56_A=1 V56_B=1 V56_LMIN=3 V56_LAST=2 V56_EPS=0.001 SAVE_OUT=ov56e_91.npy
v56_92	python run_v29w.py 92 v56 est_v29.py V29_WARM_JOIN=1 V29_WARM_FB=1 V17_R_RES=4 V26_STRASSEN=6 V26_STRASSEN_MIN=16 V32_JOIN_SMM=1 V32_ROT_SMM=1 V32_JOIN_POST=3 V32_JP_C=0.1 V21_R_OLD=320 V24_R_OLD2=192 V18_R_FB=2 V24_AGE_OLD2=8 V33_K4Q=3 V33_K4Q_RANK=4 V34_OPT=abcdefgj V33_SAT=-2.5 V35_SAT_ROUND=64 V35_SATC=1 V35_SKIP_JOIN_L2=1 V35_SB_MN=8 V35_CPRE_MN=8 V35_JN_MN=8 V33_WK4M=3 V31_K4D=3 V52_FB_FOLD=1 V56_P4=2 V56_A=1 V56_B=1 V56_LMIN=3 V56_LAST=2 SAVE_OUT=ov56_92.npy
v56e_92	python run_v29w.py 92 v56e est_v29.py V29_WARM_JOIN=1 V29_WARM_FB=1 V17_R_RES=4 V26_STRASSEN=6 V26_STRASSEN_MIN=16 V32_JOIN_SMM=1 V32_ROT_SMM=1 V32_JOIN_POST=3 V32_JP_C=0.1 V21_R_OLD=320 V24_R_OLD2=192 V18_R_FB=2 V24_AGE_OLD2=8 V33_K4Q=3 V33_K4Q_RANK=4 V34_OPT=abcdefgj V33_SAT=-2.5 V35_SAT_ROUND=64 V35_SATC=1 V35_SKIP_JOIN_L2=1 V35_SB_MN=8 V35_CPRE_MN=8 V35_JN_MN=8 V33_WK4M=3 V31_K4D=3 V52_FB_FOLD=1 V56_P4=2 V56_A=1 V56_B=1 V56_LMIN=3 V56_LAST=2 V56_EPS=0.001 SAVE_OUT=ov56e_92.npy
v56_93	python run_v29w.py 93 v56 est_v29.py V29_WARM_JOIN=1 V29_WARM_FB=1 V17_R_RES=4 V26_STRASSEN=6 V26_STRASSEN_MIN=16 V32_JOIN_SMM=1 V32_ROT_SMM=1 V32_JOIN_POST=3 V32_JP_C=0.1 V21_R_OLD=320 V24_R_OLD2=192 V18_R_FB=2 V24_AGE_OLD2=8 V33_K4Q=3 V33_K4Q_RANK=4 V34_OPT=abcdefgj V33_SAT=-2.5 V35_SAT_ROUND=64 V35_SATC=1 V35_SKIP_JOIN_L2=1 V35_SB_MN=8 V35_CPRE_MN=8 V35_JN_MN=8 V33_WK4M=3 V31_K4D=3 V52_FB_FOLD=1 V56_P4=2 V56_A=1 V56_B=1 V56_LMIN=3 V56_LAST=2 SAVE_OUT=ov56_93.npy
v56e_93	python run_v29w.py 93 v56e est_v29.py V29_WARM_JOIN=1 V29_WARM_FB=1 V17_R_RES=4 V26_STRASSEN=6 V26_STRASSEN_MIN=16 V32_JOIN_SMM=1 V32_ROT_SMM=1 V32_JOIN_POST=3 V32_JP_C=0.1 V21_R_OLD=320 V24_R_OLD2=192 V18_R_FB=2 V24_AGE_OLD2=8 V33_K4Q=3 V33_K4Q_RANK=4 V34_OPT=abcdefgj V33_SAT=-2.5 V35_SAT_ROUND=64 V35_SATC=1 V35_SKIP_JOIN_L2=1 V35_SB_MN=8 V35_CPRE_MN=8 V35_JN_MN=8 V33_WK4M=3 V31_K4D=3 V52_FB_FOLD=1 V56_P4=2 V56_A=1 V56_B=1 V56_LMIN=3 V56_LAST=2 V56_EPS=0.001 SAVE_OUT=ov56e_93.npy
v56_94	python run_v29w.py 94 v56 est_v29.py V29_WARM_JOIN=1 V29_WARM_FB=1 V17_R_RES=4 V26_STRASSEN=6 V26_STRASSEN_MIN=16 V32_JOIN_SMM=1 V32_ROT_SMM=1 V32_JOIN_POST=3 V32_JP_C=0.1 V21_R_OLD=320 V24_R_OLD2=192 V18_R_FB=2 V24_AGE_OLD2=8 V33_K4Q=3 V33_K4Q_RANK=4 V34_OPT=abcdefgj V33_SAT=-2.5 V35_SAT_ROUND=64 V35_SATC=1 V35_SKIP_JOIN_L2=1 V35_SB_MN=8 V35_CPRE_MN=8 V35_JN_MN=8 V33_WK4M=3 V31_K4D=3 V52_FB_FOLD=1 V56_P4=2 V56_A=1 V56_B=1 V56_LMIN=3 V56_LAST=2 SAVE_OUT=ov56_94.npy
v56e_94	python run_v29w.py 94 v56e est_v29.py V29_WARM_JOIN=1 V29_WARM_FB=1 V17_R_RES=4 V26_STRASSEN=6 V26_STRASSEN_MIN=16 V32_JOIN_SMM=1 V32_ROT_SMM=1 V32_JOIN_POST=3 V32_JP_C=0.1 V21_R_OLD=320 V24_R_OLD2=192 V18_R_FB=2 V24_AGE_OLD2=8 V33_K4Q=3 V33_K4Q_RANK=4 V34_OPT=abcdefgj V33_SAT=-2.5 V35_SAT_ROUND=64 V35_SATC=1 V35_SKIP_JOIN_L2=1 V35_SB_MN=8 V35_CPRE_MN=8 V35_JN_MN=8 V33_WK4M=3 V31_K4D=3 V52_FB_FOLD=1 V56_P4=2 V56_A=1 V56_B=1 V56_LMIN=3 V56_LAST=2 V56_EPS=0.001 SAVE_OUT=ov56e_94.npy
v56_95	python run_v29w.py 95 v56 est_v29.py V29_WARM_JOIN=1 V29_WARM_FB=1 V17_R_RES=4 V26_STRASSEN=6 V26_STRASSEN_MIN=16 V32_JOIN_SMM=1 V32_ROT_SMM=1 V32_JOIN_POST=3 V32_JP_C=0.1 V21_R_OLD=320 V24_R_OLD2=192 V18_R_FB=2 V24_AGE_OLD2=8 V33_K4Q=3 V33_K4Q_RANK=4 V34_OPT=abcdefgj V33_SAT=-2.5 V35_SAT_ROUND=64 V35_SATC=1 V35_SKIP_JOIN_L2=1 V35_SB_MN=8 V35_CPRE_MN=8 V35_JN_MN=8 V33_WK4M=3 V31_K4D=3 V52_FB_FOLD=1 V56_P4=2 V56_A=1 V56_B=1 V56_LMIN=3 V56_LAST=2 SAVE_OUT=ov56_95.npy
v56e_95	python run_v29w.py 95 v56e est_v29.py V29_WARM_JOIN=1 V29_WARM_FB=1 V17_R_RES=4 V26_STRASSEN=6 V26_STRASSEN_MIN=16 V32_JOIN_SMM=1 V32_ROT_SMM=1 V32_JOIN_POST=3 V32_JP_C=0.1 V21_R_OLD=320 V24_R_OLD2=192 V18_R_FB=2 V24_AGE_OLD2=8 V33_K4Q=3 V33_K4Q_RANK=4 V34_OPT=abcdefgj V33_SAT=-2.5 V35_SAT_ROUND=64 V35_SATC=1 V35_SKIP_JOIN_L2=1 V35_SB_MN=8 V35_CPRE_MN=8 V35_JN_MN=8 V33_WK4M=3 V31_K4D=3 V52_FB_FOLD=1 V56_P4=2 V56_A=1 V56_B=1 V56_LMIN=3 V56_LAST=2 V56_EPS=0.001 SAVE_OUT=ov56e_95.npy
v56_96	python run_v29w.py 96 v56 est_v29.py V29_WARM_JOIN=1 V29_WARM_FB=1 V17_R_RES=4 V26_STRASSEN=6 V26_STRASSEN_MIN=16 V32_JOIN_SMM=1 V32_ROT_SMM=1 V32_JOIN_POST=3 V32_JP_C=0.1 V21_R_OLD=320 V24_R_OLD2=192 V18_R_FB=2 V24_AGE_OLD2=8 V33_K4Q=3 V33_K4Q_RANK=4 V34_OPT=abcdefgj V33_SAT=-2.5 V35_SAT_ROUND=64 V35_SATC=1 V35_SKIP_JOIN_L2=1 V35_SB_MN=8 V35_CPRE_MN=8 V35_JN_MN=8 V33_WK4M=3 V31_K4D=3 V52_FB_FOLD=1 V56_P4=2 V56_A=1 V56_B=1 V56_LMIN=3 V56_LAST=2 SAVE_OUT=ov56_96.npy
v56e_96	python run_v29w.py 96 v56e est_v29.py V29_WARM_JOIN=1 V29_WARM_FB=1 V17_R_RES=4 V26_STRASSEN=6 V26_STRASSEN_MIN=16 V32_JOIN_SMM=1 V32_ROT_SMM=1 V32_JOIN_POST=3 V32_JP_C=0.1 V21_R_OLD=320 V24_R_OLD2=192 V18_R_FB=2 V24_AGE_OLD2=8 V33_K4Q=3 V33_K4Q_RANK=4 V34_OPT=abcdefgj V33_SAT=-2.5 V35_SAT_ROUND=64 V35_SATC=1 V35_SKIP_JOIN_L2=1 V35_SB_MN=8 V35_CPRE_MN=8 V35_JN_MN=8 V33_WK4M=3 V31_K4D=3 V52_FB_FOLD=1 V56_P4=2 V56_A=1 V56_B=1 V56_LMIN=3 V56_LAST=2 V56_EPS=0.001 SAVE_OUT=ov56e_96.npy
v56_97	python run_v29w.py 97 v56 est_v29.py V29_WARM_JOIN=1 V29_WARM_FB=1 V17_R_RES=4 V26_STRASSEN=6 V26_STRASSEN_MIN=16 V32_JOIN_SMM=1 V32_ROT_SMM=1 V32_JOIN_POST=3 V32_JP_C=0.1 V21_R_OLD=320 V24_R_OLD2=192 V18_R_FB=2 V24_AGE_OLD2=8 V33_K4Q=3 V33_K4Q_RANK=4 V34_OPT=abcdefgj V33_SAT=-2.5 V35_SAT_ROUND=64 V35_SATC=1 V35_SKIP_JOIN_L2=1 V35_SB_MN=8 V35_CPRE_MN=8 V35_JN_MN=8 V33_WK4M=3 V31_K4D=3 V52_FB_FOLD=1 V56_P4=2 V56_A=1 V56_B=1 V56_LMIN=3 V56_LAST=2 SAVE_OUT=ov56_97.npy
v56e_97	python run_v29w.py 97 v56e est_v29.py V29_WARM_JOIN=1 V29_WARM_FB=1 V17_R_RES=4 V26_STRASSEN=6 V26_STRASSEN_MIN=16 V32_JOIN_SMM=1 V32_ROT_SMM=1 V32_JOIN_POST=3 V32_JP_C=0.1 V21_R_OLD=320 V24_R_OLD2=192 V18_R_FB=2 V24_AGE_OLD2=8 V33_K4Q=3 V33_K4Q_RANK=4 V34_OPT=abcdefgj V33_SAT=-2.5 V35_SAT_ROUND=64 V35_SATC=1 V35_SKIP_JOIN_L2=1 V35_SB_MN=8 V35_CPRE_MN=8 V35_JN_MN=8 V33_WK4M=3 V31_K4D=3 V52_FB_FOLD=1 V56_P4=2 V56_A=1 V56_B=1 V56_LMIN=3 V56_LAST=2 V56_EPS=0.001 SAVE_OUT=ov56e_97.npy
v56_98	python run_v29w.py 98 v56 est_v29.py V29_WARM_JOIN=1 V29_WARM_FB=1 V17_R_RES=4 V26_STRASSEN=6 V26_STRASSEN_MIN=16 V32_JOIN_SMM=1 V32_ROT_SMM=1 V32_JOIN_POST=3 V32_JP_C=0.1 V21_R_OLD=320 V24_R_OLD2=192 V18_R_FB=2 V24_AGE_OLD2=8 V33_K4Q=3 V33_K4Q_RANK=4 V34_OPT=abcdefgj V33_SAT=-2.5 V35_SAT_ROUND=64 V35_SATC=1 V35_SKIP_JOIN_L2=1 V35_SB_MN=8 V35_CPRE_MN=8 V35_JN_MN=8 V33_WK4M=3 V31_K4D=3 V52_FB_FOLD=1 V56_P4=2 V56_A=1 V56_B=1 V56_LMIN=3 V56_LAST=2 SAVE_OUT=ov56_98.npy
v56e_98	python run_v29w.py 98 v56e est_v29.py V29_WARM_JOIN=1 V29_WARM_FB=1 V17_R_RES=4 V26_STRASSEN=6 V26_STRASSEN_MIN=16 V32_JOIN_SMM=1 V32_ROT_SMM=1 V32_JOIN_POST=3 V32_JP_C=0.1 V21_R_OLD=320 V24_R_OLD2=192 V18_R_FB=2 V24_AGE_OLD2=8 V33_K4Q=3 V33_K4Q_RANK=4 V34_OPT=abcdefgj V33_SAT=-2.5 V35_SAT_ROUND=64 V35_SATC=1 V35_SKIP_JOIN_L2=1 V35_SB_MN=8 V35_CPRE_MN=8 V35_JN_MN=8 V33_WK4M=3 V31_K4D=3 V52_FB_FOLD=1 V56_P4=2 V56_A=1 V56_B=1 V56_LMIN=3 V56_LAST=2 V56_EPS=0.001 SAVE_OUT=ov56e_98.npy
v56_99	python run_v29w.py 99 v56 est_v29.py V29_WARM_JOIN=1 V29_WARM_FB=1 V17_R_RES=4 V26_STRASSEN=6 V26_STRASSEN_MIN=16 V32_JOIN_SMM=1 V32_ROT_SMM=1 V32_JOIN_POST=3 V32_JP_C=0.1 V21_R_OLD=320 V24_R_OLD2=192 V18_R_FB=2 V24_AGE_OLD2=8 V33_K4Q=3 V33_K4Q_RANK=4 V34_OPT=abcdefgj V33_SAT=-2.5 V35_SAT_ROUND=64 V35_SATC=1 V35_SKIP_JOIN_L2=1 V35_SB_MN=8 V35_CPRE_MN=8 V35_JN_MN=8 V33_WK4M=3 V31_K4D=3 V52_FB_FOLD=1 V56_P4=2 V56_A=1 V56_B=1 V56_LMIN=3 V56_LAST=2 SAVE_OUT=ov56_99.npy
v56e_99	python run_v29w.py 99 v56e est_v29.py V29_WARM_JOIN=1 V29_WARM_FB=1 V17_R_RES=4 V26_STRASSEN=6 V26_STRASSEN_MIN=16 V32_JOIN_SMM=1 V32_ROT_SMM=1 V32_JOIN_POST=3 V32_JP_C=0.1 V21_R_OLD=320 V24_R_OLD2=192 V18_R_FB=2 V24_AGE_OLD2=8 V33_K4Q=3 V33_K4Q_RANK=4 V34_OPT=abcdefgj V33_SAT=-2.5 V35_SAT_ROUND=64 V35_SATC=1 V35_SKIP_JOIN_L2=1 V35_SB_MN=8 V35_CPRE_MN=8 V35_JN_MN=8 V33_WK4M=3 V31_K4D=3 V52_FB_FOLD=1 V56_P4=2 V56_A=1 V56_B=1 V56_LMIN=3 V56_LAST=2 V56_EPS=0.001 SAVE_OUT=ov56e_99.npy
wbfchk_0	python run_v29w.py 0 wbfchk est_v29.py V29_WARM_JOIN=1 V29_WARM_FB=1 V17_R_RES=4 V26_STRASSEN=6 V26_STRASSEN_MIN=16 V32_JOIN_SMM=1 V32_ROT_SMM=1 V32_JOIN_POST=3 V32_JP_C=0.1 V21_R_OLD=320 V24_R_OLD2=192 V18_R_FB=2 V24_AGE_OLD2=8 V33_K4Q=3 V33_K4Q_RANK=4 V34_OPT=abcdefgj V33_SAT=-2.5 V35_SAT_ROUND=64 V35_SATC=1 V35_SKIP_JOIN_L2=1 V35_SB_MN=8 V35_CPRE_MN=8 V35_JN_MN=8 V33_WK4M=3 V31_K4D=3 V52_FB_FOLD=1 SAVE_OUT=owbfchk_0.npy
wbfchk_1	python run_v29w.py 1 wbfchk est_v29.py V29_WARM_JOIN=1 V29_WARM_FB=1 V17_R_RES=4 V26_STRASSEN=6 V26_STRASSEN_MIN=16 V32_JOIN_SMM=1 V32_ROT_SMM=1 V32_JOIN_POST=3 V32_JP_C=0.1 V21_R_OLD=320 V24_R_OLD2=192 V18_R_FB=2 V24_AGE_OLD2=8 V33_K4Q=3 V33_K4Q_RANK=4 V34_OPT=abcdefgj V33_SAT=-2.5 V35_SAT_ROUND=64 V35_SATC=1 V35_SKIP_JOIN_L2=1 V35_SB_MN=8 V35_CPRE_MN=8 V35_JN_MN=8 V33_WK4M=3 V31_K4D=3 V52_FB_FOLD=1 SAVE_OUT=owbfchk_1.npy
wbfchk_2	python run_v29w.py 2 wbfchk est_v29.py V29_WARM_JOIN=1 V29_WARM_FB=1 V17_R_RES=4 V26_STRASSEN=6 V26_STRASSEN_MIN=16 V32_JOIN_SMM=1 V32_ROT_SMM=1 V32_JOIN_POST=3 V32_JP_C=0.1 V21_R_OLD=320 V24_R_OLD2=192 V18_R_FB=2 V24_AGE_OLD2=8 V33_K4Q=3 V33_K4Q_RANK=4 V34_OPT=abcdefgj V33_SAT=-2.5 V35_SAT_ROUND=64 V35_SATC=1 V35_SKIP_JOIN_L2=1 V35_SB_MN=8 V35_CPRE_MN=8 V35_JN_MN=8 V33_WK4M=3 V31_K4D=3 V52_FB_FOLD=1 SAVE_OUT=owbfchk_2.npy
wbfchk_3	python run_v29w.py 3 wbfchk est_v29.py V29_WARM_JOIN=1 V29_WARM_FB=1 V17_R_RES=4 V26_STRASSEN=6 V26_STRASSEN_MIN=16 V32_JOIN_SMM=1 V32_ROT_SMM=1 V32_JOIN_POST=3 V32_JP_C=0.1 V21_R_OLD=320 V24_R_OLD2=192 V18_R_FB=2 V24_AGE_OLD2=8 V33_K4Q=3 V33_K4Q_RANK=4 V34_OPT=abcdefgj V33_SAT=-2.5 V35_SAT_ROUND=64 V35_SATC=1 V35_SKIP_JOIN_L2=1 V35_SB_MN=8 V35_CPRE_MN=8 V35_JN_MN=8 V33_WK4M=3 V31_K4D=3 V52_FB_FOLD=1 SAVE_OUT=owbfchk_3.npy
wbfchk_4	python run_v29w.py 4 wbfchk est_v29.py V29_WARM_JOIN=1 V29_WARM_FB=1 V17_R_RES=4 V26_STRASSEN=6 V26_STRASSEN_MIN=16 V32_JOIN_SMM=1 V32_ROT_SMM=1 V32_JOIN_POST=3 V32_JP_C=0.1 V21_R_OLD=320 V24_R_OLD2=192 V18_R_FB=2 V24_AGE_OLD2=8 V33_K4Q=3 V33_K4Q_RANK=4 V34_OPT=abcdefgj V33_SAT=-2.5 V35_SAT_ROUND=64 V35_SATC=1 V35_SKIP_JOIN_L2=1 V35_SB_MN=8 V35_CPRE_MN=8 V35_JN_MN=8 V33_WK4M=3 V31_K4D=3 V52_FB_FOLD=1 SAVE_OUT=owbfchk_4.npy
wbfchk_5	python run_v29w.py 5 wbfchk est_v29.py V29_WARM_JOIN=1 V29_WARM_FB=1 V17_R_RES=4 V26_STRASSEN=6 V26_STRASSEN_MIN=16 V32_JOIN_SMM=1 V32_ROT_SMM=1 V32_JOIN_POST=3 V32_JP_C=0.1 V21_R_OLD=320 V24_R_OLD2=192 V18_R_FB=2 V24_AGE_OLD2=8 V33_K4Q=3 V33_K4Q_RANK=4 V34_OPT=abcdefgj V33_SAT=-2.5 V35_SAT_ROUND=64 V35_SATC=1 V35_SKIP_JOIN_L2=1 V35_SB_MN=8 V35_CPRE_MN=8 V35_JN_MN=8 V33_WK4M=3 V31_K4D=3 V52_FB_FOLD=1 SAVE_OUT=owbfchk_5.npy
wbfchk_6	python run_v29w.py 6 wbfchk est_v29.py V29_WARM_JOIN=1 V29_WARM_FB=1 V17_R_RES=4 V26_STRASSEN=6 V26_STRASSEN_MIN=16 V32_JOIN_SMM=1 V32_ROT_SMM=1 V32_JOIN_POST=3 V32_JP_C=0.1 V21_R_OLD=320 V24_R_OLD2=192 V18_R_FB=2 V24_AGE_OLD2=8 V33_K4Q=3 V33_K4Q_RANK=4 V34_OPT=abcdefgj V33_SAT=-2.5 V35_SAT_ROUND=64 V35_SATC=1 V35_SKIP_JOIN_L2=1 V35_SB_MN=8 V35_CPRE_MN=8 V35_JN_MN=8 V33_WK4M=3 V31_K4D=3 V52_FB_FOLD=1 SAVE_OUT=owbfchk_6.npy
wbfchk_7	python run_v29w.py 7 wbfchk est_v29.py V29_WARM_JOIN=1 V29_WARM_FB=1 V17_R_RES=4 V26_STRASSEN=6 V26_STRASSEN_MIN=16 V32_JOIN_SMM=1 V32_ROT_SMM=1 V32_JOIN_POST=3 V32_JP_C=0.1 V21_R_OLD=320 V24_R_OLD2=192 V18_R_FB=2 V24_AGE_OLD2=8 V33_K4Q=3 V33_K4Q_RANK=4 V34_OPT=abcdefgj V33_SAT=-2.5 V35_SAT_ROUND=64 V35_SATC=1 V35_SKIP_JOIN_L2=1 V35_SB_MN=8 V35_CPRE_MN=8 V35_JN_MN=8 V33_WK4M=3 V31_K4D=3 V52_FB_FOLD=1 SAVE_OUT=owbfchk_7.npy
wbfchk_8	python run_v29w.py 8 wbfchk est_v29.py V29_WARM_JOIN=1 V29_WARM_FB=1 V17_R_RES=4 V26_STRASSEN=6 V26_STRASSEN_MIN=16 V32_JOIN_SMM=1 V32_ROT_SMM=1 V32_JOIN_POST=3 V32_JP_C=0.1 V21_R_OLD=320 V24_R_OLD2=192 V18_R_FB=2 V24_AGE_OLD2=8 V33_K4Q=3 V33_K4Q_RANK=4 V34_OPT=abcdefgj V33_SAT=-2.5 V35_SAT_ROUND=64 V35_SATC=1 V35_SKIP_JOIN_L2=1 V35_SB_MN=8 V35_CPRE_MN=8 V35_JN_MN=8 V33_WK4M=3 V31_K4D=3 V52_FB_FOLD=1 SAVE_OUT=owbfchk_8.npy
wbfchk_9	python run_v29w.py 9 wbfchk est_v29.py V29_WARM_JOIN=1 V29_WARM_FB=1 V17_R_RES=4 V26_STRASSEN=6 V26_STRASSEN_MIN=16 V32_JOIN_SMM=1 V32_ROT_SMM=1 V32_JOIN_POST=3 V32_JP_C=0.1 V21_R_OLD=320 V24_R_OLD2=192 V18_R_FB=2 V24_AGE_OLD2=8 V33_K4Q=3 V33_K4Q_RANK=4 V34_OPT=abcdefgj V33_SAT=-2.5 V35_SAT_ROUND=64 V35_SATC=1 V35_SKIP_JOIN_L2=1 V35_SB_MN=8 V35_CPRE_MN=8 V35_JN_MN=8 V33_WK4M=3 V31_K4D=3 V52_FB_FOLD=1 SAVE_OUT=owbfchk_9.npy
